{
  "fold_id": 3,
  "best_epoch": 261,
  "stopped_epoch": 299,
  "comparison_metric": "val_auroc",
  "comparison_value": 0.9067992773533066,
  "train_metrics": {
    "auroc": 0.9501587652967523,
    "auprc": 0.9495311570886202,
    "accuracy": 0.8717532467532467,
    "f1": 0.8738019169329073,
    "mcc": 0.7438986838161348
  },
  "val_metrics": {
    "auroc": 0.9067992773533066,
    "auprc": 0.9090066995936033,
    "accuracy": 0.8282208588957055,
    "f1": 0.8210862619808307,
    "mcc": 0.6585394767394301
  },
  "test_metrics": {
    "auroc": 0.9227163734657402,
    "auprc": 0.921565818942724,
    "accuracy": 0.8453038674033149,
    "f1": 0.8429906542056075,
    "mcc": 0.6909077371626731
  }
}