{
  "fold_id": 2,
  "best_epoch": 123,
  "stopped_epoch": 163,
  "comparison_metric": "val_auroc",
  "comparison_value": 0.8785332530392562,
  "train_metrics": {
    "auroc": 0.8791642948501714,
    "auprc": 0.8801128649091199,
    "accuracy": 0.6628787878787878,
    "f1": 0.7444626743232158,
    "mcc": 0.42328251075544965
  },
  "val_metrics": {
    "auroc": 0.8785332530392562,
    "auprc": 0.8838537755897362,
    "accuracy": 0.651840490797546,
    "f1": 0.7387802071346375,
    "mcc": 0.4069321760870208
  },
  "test_metrics": {
    "auroc": 0.8297467517271552,
    "auprc": 0.8259600703432438,
    "accuracy": 0.6261510128913443,
    "f1": 0.7211538461538461,
    "mcc": 0.34471654383954353
  }
}