{
  "fold_id": 4,
  "best_epoch": 187,
  "stopped_epoch": 227,
  "comparison_metric": "val_auroc",
  "comparison_value": 0.8807727050321803,
  "train_metrics": {
    "auroc": 0.8957466595453608,
    "auprc": 0.9013504615710973,
    "accuracy": 0.6807359307359307,
    "f1": 0.7549833887043189,
    "mcc": 0.45444237880653465
  },
  "val_metrics": {
    "auroc": 0.8807727050321803,
    "auprc": 0.8923892252672895,
    "accuracy": 0.6625766871165644,
    "f1": 0.7399527186761229,
    "mcc": 0.40459194096600426
  },
  "test_metrics": {
    "auroc": 0.8529959402948628,
    "auprc": 0.858596455714569,
    "accuracy": 0.6675874769797422,
    "f1": 0.7430604982206406,
    "mcc": 0.41418440808160784
  }
}