{
  "fold_id": 4,
  "best_epoch": 193,
  "stopped_epoch": 233,
  "comparison_metric": "val_auroc",
  "comparison_value": 0.9227953630170499,
  "train_metrics": {
    "auroc": 0.9501237899506298,
    "auprc": 0.9481531342871424,
    "accuracy": 0.8777056277056277,
    "f1": 0.8808435852372584,
    "mcc": 0.7564612267461448
  },
  "val_metrics": {
    "auroc": 0.9227953630170499,
    "auprc": 0.9175754400098387,
    "accuracy": 0.838957055214724,
    "f1": 0.8401826484018264,
    "mcc": 0.6779938595892434
  },
  "test_metrics": {
    "auroc": 0.8851479910055655,
    "auprc": 0.8872549749021561,
    "accuracy": 0.8047882136279927,
    "f1": 0.8113879003558719,
    "mcc": 0.6110746089526082
  }
}