{
  "fold_id": 2,
  "best_epoch": 210,
  "stopped_epoch": 250,
  "comparison_metric": "val_auroc",
  "comparison_value": 0.9270202115247093,
  "train_metrics": {
    "auroc": 0.9384996767301962,
    "auprc": 0.9354094748896384,
    "accuracy": 0.8568722943722944,
    "f1": 0.8571428571428571,
    "mcc": 0.7137497092125458
  },
  "val_metrics": {
    "auroc": 0.9270202115247093,
    "auprc": 0.9257136148793804,
    "accuracy": 0.852760736196319,
    "f1": 0.8504672897196262,
    "mcc": 0.7058536357015897
  },
  "test_metrics": {
    "auroc": 0.8829299064945109,
    "auprc": 0.8716175565356385,
    "accuracy": 0.8001841620626151,
    "f1": 0.7966260543580131,
    "mcc": 0.6007361940975484
  }
}