{
  "fold_id": 3,
  "best_epoch": 271,
  "stopped_epoch": 299,
  "comparison_metric": "val_auroc",
  "comparison_value": 0.890210395573789,
  "train_metrics": {
    "auroc": 0.9189179890275669,
    "auprc": 0.9192838333558448,
    "accuracy": 0.8341450216450217,
    "f1": 0.8365769128232471,
    "mcc": 0.6685862160221132
  },
  "val_metrics": {
    "auroc": 0.890210395573789,
    "auprc": 0.8987780745914375,
    "accuracy": 0.8021472392638037,
    "f1": 0.8042488619119879,
    "mcc": 0.6044338358265411
  },
  "test_metrics": {
    "auroc": 0.8993790041682352,
    "auprc": 0.9001529637973958,
    "accuracy": 0.8213627992633518,
    "f1": 0.8200371057513914,
    "mcc": 0.6427953649766593
  }
}