{
  "fold_id": 4,
  "best_epoch": 130,
  "stopped_epoch": 170,
  "comparison_metric": "val_auroc",
  "comparison_value": 0.8911419323271482,
  "train_metrics": {
    "auroc": 0.9613388054946497,
    "auprc": 0.9619151913282292,
    "accuracy": 0.8755411255411255,
    "f1": 0.8810754912099276,
    "mcc": 0.7543567386719635
  },
  "val_metrics": {
    "auroc": 0.8911419323271482,
    "auprc": 0.891826370733155,
    "accuracy": 0.8021472392638037,
    "f1": 0.8105726872246696,
    "mcc": 0.6066997625575757
  },
  "test_metrics": {
    "auroc": 0.8461890662678184,
    "auprc": 0.846145916527944,
    "accuracy": 0.7688766114180479,
    "f1": 0.7796312554872695,
    "mcc": 0.5403332355858758
  }
}