{
  "fold_id": 1,
  "best_epoch": 65,
  "stopped_epoch": 105,
  "comparison_metric": "val_auroc",
  "comparison_value": 0.8445254437869822,
  "train_metrics": {
    "auroc": 0.8846840389048181,
    "auprc": 0.8824332682711998,
    "accuracy": 0.6393398268398268,
    "f1": 0.7324904675898053,
    "mcc": 0.3883354392782142
  },
  "val_metrics": {
    "auroc": 0.8445254437869822,
    "auprc": 0.8631162053869409,
    "accuracy": 0.6092307692307692,
    "f1": 0.7133182844243793,
    "mcc": 0.3177473335569241
  },
  "test_metrics": {
    "auroc": 0.8549382298875432,
    "auprc": 0.8653135292116025,
    "accuracy": 0.6213235294117647,
    "f1": 0.7189631650750341,
    "mcc": 0.33740726278189137
  }
}