{
  "ablation_name": "none_frac1.00",
  "ablation_config": {
    "name": "none_frac1.00",
    "ablation_type": "none",
    "train_fraction": 1.0
  },
  "hyperparameters": {
    "hidden_channels": 128,
    "out_channels": 64,
    "num_layers": 2,
    "sage_aggr": "mean",
    "fusion_method": "projected_concat",
    "dropout": 0.5,
    "lr": 0.005,
    "weight_decay": 0.0005
  },
  "num_folds": 5,
  "metrics_summary": {
    "train_auroc_mean": 0.9465088618091866,
    "train_auroc_std": 0.004387915393374321,
    "train_auprc_mean": 0.944513501323566,
    "train_auprc_std": 0.004827517083879223,
    "train_mcc_mean": 0.7373665220736227,
    "train_mcc_std": 0.012906721404037333,
    "train_f1_mean": 0.8698743396902158,
    "train_f1_std": 0.0069059168964339685,
    "train_accuracy_mean": 0.868560606060606,
    "train_accuracy_std": 0.006405884289881726,
    "val_auroc_mean": 0.9137413615948292,
    "val_auroc_std": 0.010758282665947456,
    "val_auprc_mean": 0.915203413489199,
    "val_auprc_std": 0.007298639141646257,
    "val_mcc_mean": 0.6632310616177953,
    "val_mcc_std": 0.030321309334177763,
    "val_f1_mean": 0.8295006162796558,
    "val_f1_std": 0.015686273836167636,
    "val_accuracy_mean": 0.8313732892873997,
    "val_accuracy_std": 0.015278556942473192,
    "test_auroc_mean": 0.8970931504904648,
    "test_auroc_std": 0.011897921455104949,
    "test_auprc_mean": 0.8943125254302504,
    "test_auprc_std": 0.01622359281034098,
    "test_mcc_mean": 0.6362523009500485,
    "test_mcc_std": 0.024519604312132317,
    "test_f1_mean": 0.8166319082373722,
    "test_f1_std": 0.011908047279899806,
    "test_accuracy_mean": 0.8179950709565593,
    "test_accuracy_std": 0.012218060489864598
  },
  "fold_results": [
    {
      "train": {
        "auroc": 0.9503376763928713,
        "auprc": 0.949648273502752,
        "accuracy": 0.8690476190476191,
        "f1": 0.8719576719576719,
        "mcc": 0.7388589167662473
      },
      "val": {
        "auroc": 0.9025609467455622,
        "auprc": 0.9058270324344528,
        "accuracy": 0.823076923076923,
        "f1": 0.8211508553654744,
        "mcc": 0.6463037754257474
      },
      "test": {
        "auroc": 0.902512705449827,
        "auprc": 0.904718921242357,
        "accuracy": 0.8189338235294118,
        "f1": 0.8191000918273645,
        "mcc": 0.6378687247737073
      }
    },
    {
      "train": {
        "auroc": 0.9493807509229588,
        "auprc": 0.9465868899091106,
        "accuracy": 0.8733766233766234,
        "f1": 0.8741258741258742,
        "mcc": 0.7468061685666263
      },
      "val": {
        "auroc": 0.9113940828402367,
        "auprc": 0.9123521007219635,
        "accuracy": 0.8153846153846154,
        "f1": 0.817629179331307,
        "mcc": 0.630960414605181
      },
      "test": {
        "auroc": 0.8986909331747406,
        "auprc": 0.8956224067542372,
        "accuracy": 0.8244485294117647,
        "f1": 0.8226555246053854,
        "mcc": 0.6490297574978169
      }
    },
    {
      "train": {
        "auroc": 0.9384996767301962,
        "auprc": 0.9354094748896384,
        "accuracy": 0.8568722943722944,
        "f1": 0.8571428571428571,
        "mcc": 0.7137497092125458
      },
      "val": {
        "auroc": 0.9270202115247093,
        "auprc": 0.9257136148793804,
        "accuracy": 0.852760736196319,
        "f1": 0.8504672897196262,
        "mcc": 0.7058536357015897
      },
      "test": {
        "auroc": 0.8829299064945109,
        "auprc": 0.8716175565356385,
        "accuracy": 0.8001841620626151,
        "f1": 0.7966260543580131,
        "mcc": 0.6007361940975484
      }
    },
    {
      "train": {
        "auroc": 0.9451188016528926,
        "auprc": 0.9446935377493143,
        "accuracy": 0.8682359307359307,
        "f1": 0.8689803605057842,
        "mcc": 0.7365194172050639
      },
      "val": {
        "auroc": 0.9022074598215966,
        "auprc": 0.9106600796876134,
        "accuracy": 0.8190184049079755,
        "f1": 0.8121019108280255,
        "mcc": 0.6397729019976997
      },
      "test": {
        "auroc": 0.9156619150819572,
        "auprc": 0.9175598062402092,
        "accuracy": 0.8360957642725598,
        "f1": 0.832391713747646,
        "mcc": 0.6728490694021675
      }
    },
    {
      "train": {
        "auroc": 0.9492074033470137,
        "auprc": 0.946229330567014,
        "accuracy": 0.8752705627705628,
        "f1": 0.8771649347188916,
        "mcc": 0.7508983986176303
      },
      "val": {
        "auroc": 0.9255241070420415,
        "auprc": 0.9214642397225846,
        "accuracy": 0.8466257668711656,
        "f1": 0.8461538461538461,
        "mcc": 0.6932645803587588
      },
      "test": {
        "auroc": 0.885670292251288,
        "auprc": 0.8820439363788108,
        "accuracy": 0.8103130755064457,
        "f1": 0.8123861566484517,
        "mcc": 0.6207777589790022
      }
    }
  ],
  "comparison_metric": "val_auroc",
  "comparison_value_mean": 0.9137413615948292,
  "comparison_value_std": 0.010758282665947456
}