{
  "fold_id": 1,
  "best_epoch": 165,
  "stopped_epoch": 205,
  "comparison_metric": "val_auroc",
  "comparison_value": 0.8883881656804733,
  "train_metrics": {
    "auroc": 0.9499417880099698,
    "auprc": 0.9472171952783148,
    "accuracy": 0.8720238095238095,
    "f1": 0.8768549856808123,
    "mcc": 0.7463486040027542
  },
  "val_metrics": {
    "auroc": 0.8883881656804733,
    "auprc": 0.8972061851447373,
    "accuracy": 0.8046153846153846,
    "f1": 0.8072837632776935,
    "mcc": 0.6094645022138729
  },
  "test_metrics": {
    "auroc": 0.8614294982698962,
    "auprc": 0.8624085954100523,
    "accuracy": 0.7840073529411765,
    "f1": 0.7809878844361603,
    "mcc": 0.5682307597447147
  }
}