{
  "fold_id": 2,
  "best_epoch": 85,
  "stopped_epoch": 125,
  "comparison_metric": "val_auroc",
  "comparison_value": 0.9048891565358125,
  "train_metrics": {
    "auroc": 0.9294241112422932,
    "auprc": 0.9273916957089202,
    "accuracy": 0.8484848484848485,
    "f1": 0.855072463768116,
    "mcc": 0.6998677123677123
  },
  "val_metrics": {
    "auroc": 0.9048891565358125,
    "auprc": 0.9104364498734578,
    "accuracy": 0.8236196319018405,
    "f1": 0.8291233283803864,
    "mcc": 0.6485863408275013
  },
  "test_metrics": {
    "auroc": 0.8497841267903232,
    "auprc": 0.8522279762241207,
    "accuracy": 0.7679558011049724,
    "f1": 0.774597495527728,
    "mcc": 0.536844634089179
  }
}