{
  "fold_id": 3,
  "best_epoch": 143,
  "stopped_epoch": 183,
  "comparison_metric": "val_auroc",
  "comparison_value": 0.8630735067183561,
  "train_metrics": {
    "auroc": 0.9771321751841232,
    "auprc": 0.9775361519817756,
    "accuracy": 0.9036796536796536,
    "f1": 0.9087179487179488,
    "mcc": 0.8123239134368699
  },
  "val_metrics": {
    "auroc": 0.8630735067183561,
    "auprc": 0.8677161146925315,
    "accuracy": 0.7822085889570553,
    "f1": 0.7905604719764012,
    "mcc": 0.5662208585049305
  },
  "test_metrics": {
    "auroc": 0.8876916659035642,
    "auprc": 0.888617391657711,
    "accuracy": 0.8038674033149171,
    "f1": 0.8126649076517151,
    "mcc": 0.6104332283610246
  }
}