{
  "fold_id": 4,
  "best_epoch": 193,
  "stopped_epoch": 233,
  "comparison_metric": "val_auroc",
  "comparison_value": 0.9201795325379201,
  "train_metrics": {
    "auroc": 0.9577371582241712,
    "auprc": 0.9550126452193805,
    "accuracy": 0.8852813852813853,
    "f1": 0.8869936034115139,
    "mcc": 0.7709168081512012
  },
  "val_metrics": {
    "auroc": 0.9201795325379201,
    "auprc": 0.9180091470557109,
    "accuracy": 0.8420245398773006,
    "f1": 0.8417818740399385,
    "mcc": 0.6840522980442771
  },
  "test_metrics": {
    "auroc": 0.8762281710299171,
    "auprc": 0.8722856223960813,
    "accuracy": 0.8029465930018416,
    "f1": 0.8072072072072072,
    "mcc": 0.6064858735159263
  }
}