{
  "fold_id": 0,
  "best_epoch": 212,
  "stopped_epoch": 252,
  "comparison_metric": "val_auroc",
  "comparison_value": 0.8874603550295856,
  "train_metrics": {
    "auroc": 0.9185216614193887,
    "auprc": 0.9219989092401775,
    "accuracy": 0.8338744588744589,
    "f1": 0.8375661375661375,
    "mcc": 0.6684398117958571
  },
  "val_metrics": {
    "auroc": 0.8874603550295856,
    "auprc": 0.8840842197819658,
    "accuracy": 0.8107692307692308,
    "f1": 0.8110599078341014,
    "mcc": 0.6215414037532537
  },
  "test_metrics": {
    "auroc": 0.8963863808391004,
    "auprc": 0.8972007434020762,
    "accuracy": 0.8143382352941176,
    "f1": 0.8170289855072463,
    "mcc": 0.6289485660221341
  }
}