{
  "fold_id": 3,
  "best_epoch": 283,
  "stopped_epoch": 299,
  "comparison_metric": "val_auroc",
  "comparison_value": 0.8733674583160826,
  "train_metrics": {
    "auroc": 0.9150981932029011,
    "auprc": 0.9115616091717791,
    "accuracy": 0.8076298701298701,
    "f1": 0.8305125148986889,
    "mcc": 0.6389957138105286
  },
  "val_metrics": {
    "auroc": 0.8733674583160826,
    "auprc": 0.8775508000478833,
    "accuracy": 0.7561349693251533,
    "f1": 0.7769985974754559,
    "mcc": 0.5214804740757604
  },
  "test_metrics": {
    "auroc": 0.8982970944449532,
    "auprc": 0.9029066129880747,
    "accuracy": 0.7928176795580111,
    "f1": 0.8117154811715481,
    "mcc": 0.5978035054490686
  }
}