{
  "fold_id": 0,
  "best_epoch": 159,
  "stopped_epoch": 199,
  "comparison_metric": "val_auroc",
  "comparison_value": 0.87294674556213,
  "train_metrics": {
    "auroc": 0.9776569029815783,
    "auprc": 0.9779013913743841,
    "accuracy": 0.9188311688311688,
    "f1": 0.9208025343189018,
    "mcc": 0.838702303086132
  },
  "val_metrics": {
    "auroc": 0.87294674556213,
    "auprc": 0.8735066282047133,
    "accuracy": 0.8015384615384615,
    "f1": 0.7974882260596546,
    "mcc": 0.6035599643422516
  },
  "test_metrics": {
    "auroc": 0.875969804282007,
    "auprc": 0.8783987072212996,
    "accuracy": 0.7977941176470589,
    "f1": 0.7992700729927007,
    "mcc": 0.5956526475838527
  }
}