{
  "fold_id": 2,
  "best_epoch": 212,
  "stopped_epoch": 252,
  "comparison_metric": "val_auroc",
  "comparison_value": 0.9286856863261698,
  "train_metrics": {
    "auroc": 0.9375032209853639,
    "auprc": 0.9349873005231173,
    "accuracy": 0.851461038961039,
    "f1": 0.8502863376056722,
    "mcc": 0.7030086443448451
  },
  "val_metrics": {
    "auroc": 0.9286856863261698,
    "auprc": 0.9263306652280563,
    "accuracy": 0.8588957055214724,
    "f1": 0.8544303797468354,
    "mcc": 0.7191460423737419
  },
  "test_metrics": {
    "auroc": 0.8878069791656069,
    "auprc": 0.8754850920125413,
    "accuracy": 0.8020257826887661,
    "f1": 0.7973609802073516,
    "mcc": 0.6046927978220733
  }
}