{
  "ablation_name": "local_only_frac1.00",
  "ablation_config": {
    "name": "local_only_frac1.00",
    "ablation_type": "local_only",
    "train_fraction": 1.0
  },
  "hyperparameters": {
    "hidden_channels": 128,
    "out_channels": 64,
    "num_layers": 2,
    "sage_aggr": "mean",
    "fusion_method": "projected_concat",
    "dropout": 0.5,
    "lr": 0.005,
    "weight_decay": 0.0005
  },
  "num_folds": 5,
  "metrics_summary": {
    "train_auroc_mean": 0.8859948042577912,
    "train_auroc_std": 0.01155985457275119,
    "train_auprc_mean": 0.8900512455692693,
    "train_auprc_std": 0.011760283554080812,
    "train_mcc_mean": 0.4351148015679521,
    "train_mcc_std": 0.034079009712089034,
    "train_f1_mean": 0.7495858409777806,
    "train_f1_std": 0.011993394439054367,
    "train_accuracy_mean": 0.6745670995670996,
    "train_accuracy_std": 0.022164623706038517,
    "val_auroc_mean": 0.8544011992799367,
    "val_auroc_std": 0.014151818165323668,
    "val_auprc_mean": 0.864336308737933,
    "val_auprc_std": 0.01583911317009895,
    "val_mcc_mean": 0.3806467251242099,
    "val_mcc_std": 0.03484276661603625,
    "val_f1_mean": 0.7326975444840842,
    "val_f1_std": 0.010790331390479383,
    "val_accuracy_mean": 0.6535460122699387,
    "val_accuracy_std": 0.023370778238539204,
    "test_auroc_mean": 0.8462749602298484,
    "test_auroc_std": 0.013779683128114692,
    "test_auprc_mean": 0.8494510807638538,
    "test_auprc_std": 0.016114802246925485,
    "test_mcc_mean": 0.3906518769614097,
    "test_mcc_std": 0.03041985051991044,
    "test_f1_mean": 0.7358518330824065,
    "test_f1_std": 0.009672700251030753,
    "test_accuracy_mean": 0.6573515870436573,
    "test_accuracy_std": 0.019603695386263765
  },
  "fold_results": [
    {
      "train": {
        "auroc": 0.9008334738854219,
        "auprc": 0.9057492259527126,
        "accuracy": 0.6996753246753247,
        "f1": 0.7639302424500213,
        "mcc": 0.47607275892895096
      },
      "val": {
        "auroc": 0.837055621301775,
        "auprc": 0.837512493049678,
        "accuracy": 0.6707692307692308,
        "f1": 0.7371007371007371,
        "mcc": 0.3955993881323803
      },
      "test": {
        "auroc": 0.8473352346453287,
        "auprc": 0.8444088587962617,
        "accuracy": 0.6691176470588235,
        "f1": 0.7398843930635838,
        "mcc": 0.4031367029047078
      }
    },
    {
      "train": {
        "auroc": 0.8846840389048181,
        "auprc": 0.8824332682711998,
        "accuracy": 0.6393398268398268,
        "f1": 0.7324904675898053,
        "mcc": 0.3883354392782142
      },
      "val": {
        "auroc": 0.8445254437869822,
        "auprc": 0.8631162053869409,
        "accuracy": 0.6092307692307692,
        "f1": 0.7133182844243793,
        "mcc": 0.3177473335569241
      },
      "test": {
        "auroc": 0.8549382298875432,
        "auprc": 0.8653135292116025,
        "accuracy": 0.6213235294117647,
        "f1": 0.7189631650750341,
        "mcc": 0.33740726278189137
      }
    },
    {
      "train": {
        "auroc": 0.8695137834748224,
        "auprc": 0.8740980918909863,
        "accuracy": 0.6747835497835498,
        "f1": 0.7473728457335015,
        "mcc": 0.42714443293468723
      },
      "val": {
        "auroc": 0.8744119086153035,
        "auprc": 0.8798590576062538,
        "accuracy": 0.6687116564417178,
        "f1": 0.7434679334916865,
        "mcc": 0.41523923298628124
      },
      "test": {
        "auroc": 0.8211660884045732,
        "auprc": 0.8205550334507268,
        "accuracy": 0.6519337016574586,
        "f1": 0.7315340909090909,
        "mcc": 0.37738075902452844
      }
    },
    {
      "train": {
        "auroc": 0.8782447035287944,
        "auprc": 0.8868616431484333,
        "accuracy": 0.6631493506493507,
        "f1": 0.7419689119170985,
        "mcc": 0.41215773018547897
      },
      "val": {
        "auroc": 0.8486111633859008,
        "auprc": 0.8602519383822683,
        "accuracy": 0.6503067484662577,
        "f1": 0.7292161520190024,
        "mcc": 0.369940407569596
      },
      "test": {
        "auroc": 0.8618547120729594,
        "auprc": 0.8618833824692391,
        "accuracy": 0.6694290976058932,
        "f1": 0.7441197434069851,
        "mcc": 0.41736341552839423
      }
    },
    {
      "train": {
        "auroc": 0.8966980214950995,
        "auprc": 0.9011139985830146,
        "accuracy": 0.6958874458874459,
        "f1": 0.7621667371984765,
        "mcc": 0.47186364651242946
      },
      "val": {
        "auroc": 0.867401859309722,
        "auprc": 0.8809418492645237,
        "accuracy": 0.6687116564417178,
        "f1": 0.7403846153846154,
        "mcc": 0.4047072633758678
      },
      "test": {
        "auroc": 0.8460805361388372,
        "auprc": 0.8550945998914387,
        "accuracy": 0.6749539594843462,
        "f1": 0.7447577729573391,
        "mcc": 0.4179712445675266
      }
    }
  ],
  "comparison_metric": "val_auroc",
  "comparison_value_mean": 0.8544011992799367,
  "comparison_value_std": 0.014151818165323668
}