{
  "fold_id": 3,
  "best_epoch": 114,
  "stopped_epoch": 154,
  "comparison_metric": "val_auroc",
  "comparison_value": 0.8432571794196243,
  "train_metrics": {
    "auroc": 0.8744092420025861,
    "auprc": 0.8789775935665527,
    "accuracy": 0.6653138528138528,
    "f1": 0.7440513138837161,
    "mcc": 0.4194056165882809
  },
  "val_metrics": {
    "auroc": 0.8432571794196243,
    "auprc": 0.8511381865300756,
    "accuracy": 0.6549079754601227,
    "f1": 0.7318235995232419,
    "mcc": 0.3782294063627145
  },
  "test_metrics": {
    "auroc": 0.8566181333496128,
    "auprc": 0.8541088025814241,
    "accuracy": 0.6749539594843462,
    "f1": 0.7465900933237617,
    "mcc": 0.4242170666546512
  }
}