{
  "fold_id": 1,
  "best_epoch": 73,
  "stopped_epoch": 113,
  "comparison_metric": "val_auroc",
  "comparison_value": 0.8431763313609468,
  "train_metrics": {
    "auroc": 0.8753835900751484,
    "auprc": 0.8744287332248435,
    "accuracy": 0.667478354978355,
    "f1": 0.7447559709241952,
    "mcc": 0.4208895196112459
  },
  "val_metrics": {
    "auroc": 0.8431763313609468,
    "auprc": 0.8612275873687931,
    "accuracy": 0.6369230769230769,
    "f1": 0.7242990654205608,
    "mcc": 0.35405380444338713
  },
  "test_metrics": {
    "auroc": 0.8448346939878892,
    "auprc": 0.854373700753727,
    "accuracy": 0.6691176470588235,
    "f1": 0.7406340057636888,
    "mcc": 0.4054634268028506
  }
}