{
  "fold_id": 2,
  "best_epoch": 209,
  "stopped_epoch": 249,
  "comparison_metric": "val_auroc",
  "comparison_value": 0.9238304038541156,
  "train_metrics": {
    "auroc": 0.9494188171136223,
    "auprc": 0.9480693203333423,
    "accuracy": 0.8663419913419913,
    "f1": 0.8662696264212236,
    "mcc": 0.7326844117687932
  },
  "val_metrics": {
    "auroc": 0.9238304038541156,
    "auprc": 0.9207767113355407,
    "accuracy": 0.8404907975460123,
    "f1": 0.834920634920635,
    "mcc": 0.6825375680213036
  },
  "test_metrics": {
    "auroc": 0.8717207791106635,
    "auprc": 0.8609304780298644,
    "accuracy": 0.7965009208103131,
    "f1": 0.7913125590179415,
    "mcc": 0.5937362881092594
  }
}