{
  "ablation_name": "none_frac0.50",
  "ablation_config": {
    "name": "none_frac0.50",
    "ablation_type": "none",
    "train_fraction": 0.5
  },
  "hyperparameters": {
    "hidden_channels": 128,
    "out_channels": 64,
    "num_layers": 2,
    "sage_aggr": "mean",
    "fusion_method": "projected_concat",
    "dropout": 0.5,
    "lr": 0.005,
    "weight_decay": 0.0005
  },
  "num_folds": 5,
  "metrics_summary": {
    "train_auroc_mean": 0.9593745900564082,
    "train_auroc_std": 0.00972519761809792,
    "train_auprc_mean": 0.9585423302774659,
    "train_auprc_std": 0.01022075874015219,
    "train_mcc_mean": 0.7755776193137284,
    "train_mcc_std": 0.037562896654508446,
    "train_f1_mean": 0.88913850340441,
    "train_f1_std": 0.018981246516596526,
    "train_accuracy_mean": 0.8874458874458874,
    "train_accuracy_std": 0.018716999782164928,
    "val_auroc_mean": 0.9054952018869702,
    "val_auroc_std": 0.013841354387108193,
    "val_auprc_mean": 0.9033020090699718,
    "val_auprc_std": 0.013891847043216986,
    "val_mcc_mean": 0.6562380040033908,
    "val_mcc_std": 0.026462004545750234,
    "val_f1_mean": 0.8265227314192917,
    "val_f1_std": 0.013650595680236308,
    "val_accuracy_mean": 0.8276960830580464,
    "val_accuracy_std": 0.01337373069201906,
    "test_auroc_mean": 0.8865150955202807,
    "test_auroc_std": 0.012306079313031348,
    "test_auprc_mean": 0.8834889919256363,
    "test_auprc_std": 0.015229885507373805,
    "test_mcc_mean": 0.6178352662933904,
    "test_mcc_std": 0.017422474577111432,
    "test_f1_mean": 0.8084088571428701,
    "test_f1_std": 0.009086917794224946,
    "test_accuracy_mean": 0.8086109305600694,
    "test_accuracy_std": 0.008649752007824954
  },
  "fold_results": [
    {
      "train": {
        "auroc": 0.9631367009613763,
        "auprc": 0.9636156959978102,
        "accuracy": 0.8901515151515151,
        "f1": 0.8944357774310973,
        "mcc": 0.7828862679552121
      },
      "val": {
        "auroc": 0.8962840236686389,
        "auprc": 0.8955228678330898,
        "accuracy": 0.8323076923076923,
        "f1": 0.8340943683409436,
        "mcc": 0.6647695975807687
      },
      "test": {
        "auroc": 0.8913210964532873,
        "auprc": 0.8946598170214703,
        "accuracy": 0.8106617647058824,
        "f1": 0.8130671506352087,
        "mcc": 0.6215293846246126
      }
    },
    {
      "train": {
        "auroc": 0.9505174659395438,
        "auprc": 0.9500730969796746,
        "accuracy": 0.8744588744588745,
        "f1": 0.8760683760683761,
        "mcc": 0.7491705055057476
      },
      "val": {
        "auroc": 0.8979408284023668,
        "auprc": 0.89761951860331,
        "accuracy": 0.8123076923076923,
        "f1": 0.8173652694610778,
        "mcc": 0.625575584194469
      },
      "test": {
        "auroc": 0.886556552768166,
        "auprc": 0.8862586858441426,
        "accuracy": 0.8106617647058824,
        "f1": 0.8137432188065099,
        "mcc": 0.6216639311775003
      }
    },
    {
      "train": {
        "auroc": 0.9494188171136223,
        "auprc": 0.9480693203333423,
        "accuracy": 0.8663419913419913,
        "f1": 0.8662696264212236,
        "mcc": 0.7326844117687932
      },
      "val": {
        "auroc": 0.9238304038541156,
        "auprc": 0.9207767113355407,
        "accuracy": 0.8404907975460123,
        "f1": 0.834920634920635,
        "mcc": 0.6825375680213036
      },
      "test": {
        "auroc": 0.8717207791106635,
        "auprc": 0.8609304780298644,
        "accuracy": 0.7965009208103131,
        "f1": 0.7913125590179415,
        "mcc": 0.5937362881092594
      }
    },
    {
      "train": {
        "auroc": 0.9760628080433275,
        "auprc": 0.9759408928571224,
        "accuracy": 0.920995670995671,
        "f1": 0.9219251336898395,
        "mcc": 0.8422301031876882
      },
      "val": {
        "auroc": 0.8892412209718092,
        "auprc": 0.8845818005222079,
        "accuracy": 0.8113496932515337,
        "f1": 0.8044515103338633,
        "mcc": 0.6242549721761353
      },
      "test": {
        "auroc": 0.90674887823937,
        "auprc": 0.9033103563366236,
        "accuracy": 0.8222836095764272,
        "f1": 0.8167141500474834,
        "mcc": 0.6457608540396529
      }
    },
    {
      "train": {
        "auroc": 0.9577371582241712,
        "auprc": 0.9550126452193805,
        "accuracy": 0.8852813852813853,
        "f1": 0.8869936034115139,
        "mcc": 0.7709168081512012
      },
      "val": {
        "auroc": 0.9201795325379201,
        "auprc": 0.9180091470557109,
        "accuracy": 0.8420245398773006,
        "f1": 0.8417818740399385,
        "mcc": 0.6840522980442771
      },
      "test": {
        "auroc": 0.8762281710299171,
        "auprc": 0.8722856223960813,
        "accuracy": 0.8029465930018416,
        "f1": 0.8072072072072072,
        "mcc": 0.6064858735159263
      }
    }
  ],
  "comparison_metric": "val_auroc",
  "comparison_value_mean": 0.9054952018869702,
  "comparison_value_std": 0.013841354387108193
}