{
  "fold_id": 2,
  "best_epoch": 211,
  "stopped_epoch": 251,
  "comparison_metric": "val_auroc",
  "comparison_value": 0.9268978885166923,
  "train_metrics": {
    "auroc": 0.9451956172735393,
    "auprc": 0.9437229630363793,
    "accuracy": 0.862914862914863,
    "f1": 0.864575908766928,
    "mcc": 0.726048216145237
  },
  "val_metrics": {
    "auroc": 0.9268978885166923,
    "auprc": 0.9265703084144067,
    "accuracy": 0.8573619631901841,
    "f1": 0.8567026194144838,
    "mcc": 0.7147541915574551
  },
  "test_metrics": {
    "auroc": 0.8798130568528297,
    "auprc": 0.8700732451120275,
    "accuracy": 0.8029465930018416,
    "f1": 0.8011152416356877,
    "mcc": 0.6059959584989443
  }
}