{
  "fold_id": 3,
  "best_epoch": 144,
  "stopped_epoch": 184,
  "comparison_metric": "val_auroc",
  "comparison_value": 0.8729628514434115,
  "train_metrics": {
    "auroc": 0.9442684615168382,
    "auprc": 0.9407286917625587,
    "accuracy": 0.8693181818181818,
    "f1": 0.8756756756756757,
    "mcc": 0.7425298956682564
  },
  "val_metrics": {
    "auroc": 0.8729628514434115,
    "auprc": 0.8823133362333666,
    "accuracy": 0.7822085889570553,
    "f1": 0.7815384615384615,
    "mcc": 0.5644277999381045
  },
  "test_metrics": {
    "auroc": 0.8916733650105648,
    "auprc": 0.8931440696513706,
    "accuracy": 0.8176795580110497,
    "f1": 0.819672131147541,
    "mcc": 0.6355143229903731
  }
}