{
  "fold_id": 1,
  "best_epoch": 170,
  "stopped_epoch": 210,
  "comparison_metric": "val_auroc",
  "comparison_value": 0.8979408284023668,
  "train_metrics": {
    "auroc": 0.9505174659395438,
    "auprc": 0.9500730969796746,
    "accuracy": 0.8744588744588745,
    "f1": 0.8760683760683761,
    "mcc": 0.7491705055057476
  },
  "val_metrics": {
    "auroc": 0.8979408284023668,
    "auprc": 0.89761951860331,
    "accuracy": 0.8123076923076923,
    "f1": 0.8173652694610778,
    "mcc": 0.625575584194469
  },
  "test_metrics": {
    "auroc": 0.886556552768166,
    "auprc": 0.8862586858441426,
    "accuracy": 0.8106617647058824,
    "f1": 0.8137432188065099,
    "mcc": 0.6216639311775003
  }
}