{
  "fold_id": 0,
  "best_epoch": 269,
  "stopped_epoch": 299,
  "comparison_metric": "val_auroc",
  "comparison_value": 0.8871668639053255,
  "train_metrics": {
    "auroc": 0.9263187885346977,
    "auprc": 0.9235554143788645,
    "accuracy": 0.8365800865800865,
    "f1": 0.8340659340659341,
    "mcc": 0.6734694588062461
  },
  "val_metrics": {
    "auroc": 0.8871668639053255,
    "auprc": 0.8956514114956466,
    "accuracy": 0.796923076923077,
    "f1": 0.7843137254901961,
    "mcc": 0.5979474912821019
  },
  "test_metrics": {
    "auroc": 0.8900911007785467,
    "auprc": 0.8925324726153072,
    "accuracy": 0.7987132352941176,
    "f1": 0.7875848690591658,
    "mcc": 0.6007332140097724
  }
}