{
  "fold_id": 2,
  "best_epoch": 89,
  "stopped_epoch": 129,
  "comparison_metric": "val_auroc",
  "comparison_value": 0.8744119086153035,
  "train_metrics": {
    "auroc": 0.8695137834748224,
    "auprc": 0.8740980918909863,
    "accuracy": 0.6747835497835498,
    "f1": 0.7473728457335015,
    "mcc": 0.42714443293468723
  },
  "val_metrics": {
    "auroc": 0.8744119086153035,
    "auprc": 0.8798590576062538,
    "accuracy": 0.6687116564417178,
    "f1": 0.7434679334916865,
    "mcc": 0.41523923298628124
  },
  "test_metrics": {
    "auroc": 0.8211660884045732,
    "auprc": 0.8205550334507268,
    "accuracy": 0.6519337016574586,
    "f1": 0.7315340909090909,
    "mcc": 0.37738075902452844
  }
}