{
  "fold_id": 2,
  "best_epoch": 84,
  "stopped_epoch": 124,
  "comparison_metric": "val_auroc",
  "comparison_value": 0.8907937822274079,
  "train_metrics": {
    "auroc": 0.9277467099098592,
    "auprc": 0.9249220602809536,
    "accuracy": 0.8390151515151515,
    "f1": 0.8462929475587704,
    "mcc": 0.6810910276247882
  },
  "val_metrics": {
    "auroc": 0.8907937822274079,
    "auprc": 0.897996656906904,
    "accuracy": 0.8159509202453987,
    "f1": 0.8203592814371258,
    "mcc": 0.6326642878438751
  },
  "test_metrics": {
    "auroc": 0.8520056028679086,
    "auprc": 0.8499105213405035,
    "accuracy": 0.7679558011049724,
    "f1": 0.7733812949640287,
    "mcc": 0.5365270025987003
  }
}