{
  "fold_id": 0,
  "best_epoch": 212,
  "stopped_epoch": 252,
  "comparison_metric": "val_auroc",
  "comparison_value": 0.8668781065088756,
  "train_metrics": {
    "auroc": 0.9593942087854426,
    "auprc": 0.9575969222305587,
    "accuracy": 0.891504329004329,
    "f1": 0.8955457150299557,
    "mcc": 0.7853634927694905
  },
  "val_metrics": {
    "auroc": 0.8668781065088756,
    "auprc": 0.8611117259135666,
    "accuracy": 0.8015384615384615,
    "f1": 0.7987519500780031,
    "mcc": 0.6033082951208035
  },
  "test_metrics": {
    "auroc": 0.8754832125865051,
    "auprc": 0.878347291601008,
    "accuracy": 0.7941176470588235,
    "f1": 0.7922077922077922,
    "mcc": 0.5883347048710612
  }
}