{
  "fold_id": 0,
  "best_epoch": 168,
  "stopped_epoch": 208,
  "comparison_metric": "val_auroc",
  "comparison_value": 0.837055621301775,
  "train_metrics": {
    "auroc": 0.9008334738854219,
    "auprc": 0.9057492259527126,
    "accuracy": 0.6996753246753247,
    "f1": 0.7639302424500213,
    "mcc": 0.47607275892895096
  },
  "val_metrics": {
    "auroc": 0.837055621301775,
    "auprc": 0.837512493049678,
    "accuracy": 0.6707692307692308,
    "f1": 0.7371007371007371,
    "mcc": 0.3955993881323803
  },
  "test_metrics": {
    "auroc": 0.8473352346453287,
    "auprc": 0.8444088587962617,
    "accuracy": 0.6691176470588235,
    "f1": 0.7398843930635838,
    "mcc": 0.4031367029047078
  }
}