{
  "fold_id": 1,
  "best_epoch": 120,
  "stopped_epoch": 160,
  "comparison_metric": "val_auroc",
  "comparison_value": 0.8794414201183433,
  "train_metrics": {
    "auroc": 0.946758868836791,
    "auprc": 0.9467767283845508,
    "accuracy": 0.8679653679653679,
    "f1": 0.8723849372384938,
    "mcc": 0.737702431289347
  },
  "val_metrics": {
    "auroc": 0.8794414201183433,
    "auprc": 0.8861499888267468,
    "accuracy": 0.7830769230769231,
    "f1": 0.795355587808418,
    "mcc": 0.5702747130025768
  },
  "test_metrics": {
    "auroc": 0.8735098129325259,
    "auprc": 0.8759430007205937,
    "accuracy": 0.7996323529411765,
    "f1": 0.8067375886524822,
    "mcc": 0.6008912891518403
  }
}