{
  "fold_id": 0,
  "best_epoch": 286,
  "stopped_epoch": 299,
  "comparison_metric": "val_auroc",
  "comparison_value": 0.9061491124260356,
  "train_metrics": {
    "auroc": 0.956397521129664,
    "auprc": 0.9556991311383689,
    "accuracy": 0.8790584415584416,
    "f1": 0.8766896551724138,
    "mcc": 0.7586770275900255
  },
  "val_metrics": {
    "auroc": 0.9061491124260356,
    "auprc": 0.9092566659914566,
    "accuracy": 0.823076923076923,
    "f1": 0.8092868988391376,
    "mcc": 0.6530184125357404
  },
  "test_metrics": {
    "auroc": 0.9085951016435987,
    "auprc": 0.9090081961267154,
    "accuracy": 0.8097426470588235,
    "f1": 0.7964601769911505,
    "mcc": 0.6248298553191189
  }
}