{
  "fold_id": 2,
  "best_epoch": 269,
  "stopped_epoch": 299,
  "comparison_metric": "val_auroc",
  "comparison_value": 0.9197466972787836,
  "train_metrics": {
    "auroc": 0.9171266819399937,
    "auprc": 0.9161067540108747,
    "accuracy": 0.8238636363636364,
    "f1": 0.8117953165654813,
    "mcc": 0.6531205526793205
  },
  "val_metrics": {
    "auroc": 0.9197466972787836,
    "auprc": 0.9237724294662603,
    "accuracy": 0.8343558282208589,
    "f1": 0.8241042345276873,
    "mcc": 0.6733014626338335
  },
  "test_metrics": {
    "auroc": 0.874396725103358,
    "auprc": 0.8619197265011713,
    "accuracy": 0.7965009208103131,
    "f1": 0.7831207065750736,
    "mcc": 0.5975681995672465
  }
}