{
  "fold_id": 4,
  "best_epoch": 211,
  "stopped_epoch": 251,
  "comparison_metric": "val_auroc",
  "comparison_value": 0.9158041326357784,
  "train_metrics": {
    "auroc": 0.9178262213976499,
    "auprc": 0.9185675563701188,
    "accuracy": 0.8298160173160173,
    "f1": 0.8303210142972755,
    "mcc": 0.6596437206007781
  },
  "val_metrics": {
    "auroc": 0.9158041326357784,
    "auprc": 0.918726667155224,
    "accuracy": 0.8404907975460123,
    "f1": 0.8414634146341463,
    "mcc": 0.6810328622452322
  },
  "test_metrics": {
    "auroc": 0.8778968217630041,
    "auprc": 0.8734207107813696,
    "accuracy": 0.7900552486187845,
    "f1": 0.7942238267148014,
    "mcc": 0.5805872151936784
  }
}