{
  "ablation_name": "no_cross_edges_in_adj_frac1.00",
  "ablation_config": {
    "name": "no_cross_edges_in_adj_frac1.00",
    "ablation_type": "no_cross_edges_in_adj",
    "train_fraction": 1.0
  },
  "hyperparameters": {
    "hidden_channels": 128,
    "out_channels": 64,
    "num_layers": 2,
    "sage_aggr": "mean",
    "fusion_method": "projected_concat",
    "dropout": 0.5,
    "lr": 0.005,
    "weight_decay": 0.0005
  },
  "num_folds": 5,
  "metrics_summary": {
    "train_auroc_mean": 0.9187259304548266,
    "train_auroc_std": 0.0033602867265297306,
    "train_auprc_mean": 0.9192511054742336,
    "train_auprc_std": 0.003626861038429038,
    "train_mcc_mean": 0.6616311285211295,
    "train_mcc_std": 0.01065359678735034,
    "train_f1_mean": 0.8313234024307714,
    "train_f1_std": 0.010371014898140017,
    "train_accuracy_mean": 0.8292207792207792,
    "train_accuracy_std": 0.006839193214116594,
    "val_auroc_mean": 0.9067627159026145,
    "val_auroc_std": 0.012545056354710883,
    "val_auprc_mean": 0.9092635591057154,
    "val_auprc_std": 0.014484104872827681,
    "val_mcc_mean": 0.6385680960676041,
    "val_mcc_std": 0.039033338901088704,
    "val_f1_mean": 0.821423002940616,
    "val_f1_std": 0.015570435253633714,
    "val_accuracy_mean": 0.8166229353468617,
    "val_accuracy_std": 0.021775581232472807,
    "test_auroc_mean": 0.8899102056062688,
    "test_auroc_std": 0.012213027341865626,
    "test_auprc_mean": 0.8878209846119539,
    "test_auprc_std": 0.015195981232391723,
    "test_mcc_mean": 0.6123287017303216,
    "test_mcc_std": 0.024608791527503525,
    "test_f1_mean": 0.8066993122541124,
    "test_f1_std": 0.015542830687791226,
    "test_accuracy_mean": 0.8045620734481638,
    "test_accuracy_std": 0.012921659626969452
  },
  "fold_results": [
    {
      "train": {
        "auroc": 0.9185216614193887,
        "auprc": 0.9219989092401775,
        "accuracy": 0.8338744588744589,
        "f1": 0.8375661375661375,
        "mcc": 0.6684398117958571
      },
      "val": {
        "auroc": 0.8874603550295856,
        "auprc": 0.8840842197819658,
        "accuracy": 0.8107692307692308,
        "f1": 0.8110599078341014,
        "mcc": 0.6215414037532537
      },
      "test": {
        "auroc": 0.8963863808391004,
        "auprc": 0.8972007434020762,
        "accuracy": 0.8143382352941176,
        "f1": 0.8170289855072463,
        "mcc": 0.6289485660221341
      }
    },
    {
      "train": {
        "auroc": 0.9136216642304305,
        "auprc": 0.9138693092188912,
        "accuracy": 0.8187229437229437,
        "f1": 0.8323323323323323,
        "mcc": 0.6460151065777466
      },
      "val": {
        "auroc": 0.8999005917159763,
        "auprc": 0.9042835926157508,
        "accuracy": 0.7846153846153846,
        "f1": 0.8092643051771117,
        "mcc": 0.5892526619296253
      },
      "test": {
        "auroc": 0.8923246918252594,
        "auprc": 0.8922405143659018,
        "accuracy": 0.7996323529411765,
        "f1": 0.8164983164983165,
        "mcc": 0.609653654298338
      }
    },
    {
      "train": {
        "auroc": 0.9171266819399937,
        "auprc": 0.9161067540108747,
        "accuracy": 0.8238636363636364,
        "f1": 0.8117953165654813,
        "mcc": 0.6531205526793205
      },
      "val": {
        "auroc": 0.9197466972787836,
        "auprc": 0.9237724294662603,
        "accuracy": 0.8343558282208589,
        "f1": 0.8241042345276873,
        "mcc": 0.6733014626338335
      },
      "test": {
        "auroc": 0.874396725103358,
        "auprc": 0.8619197265011713,
        "accuracy": 0.7965009208103131,
        "f1": 0.7831207065750736,
        "mcc": 0.5975681995672465
      }
    },
    {
      "train": {
        "auroc": 0.9235844647776466,
        "auprc": 0.9232967533359872,
        "accuracy": 0.8371212121212122,
        "f1": 0.841994750656168,
        "mcc": 0.6755289945659083
      },
      "val": {
        "auroc": 0.9058771500621026,
        "auprc": 0.9117421942444383,
        "accuracy": 0.8067484662576687,
        "f1": 0.8119402985074626,
        "mcc": 0.6144342497752621
      },
      "test": {
        "auroc": 0.9079766253234706,
        "auprc": 0.9061799567297791,
        "accuracy": 0.8241252302025782,
        "f1": 0.8233117483811286,
        "mcc": 0.648277944459994
      }
    },
    {
      "train": {
        "auroc": 0.9207751799066735,
        "auprc": 0.920983801565238,
        "accuracy": 0.832521645021645,
        "f1": 0.8329284750337382,
        "mcc": 0.6650511769868149
      },
      "val": {
        "auroc": 0.9208287854266248,
        "auprc": 0.9224353594201619,
        "accuracy": 0.8466257668711656,
        "f1": 0.8507462686567164,
        "mcc": 0.6943107022460462
      },
      "test": {
        "auroc": 0.8784666049401559,
        "auprc": 0.8815639820608409,
        "accuracy": 0.7882136279926335,
        "f1": 0.7935368043087971,
        "mcc": 0.5771951443038956
      }
    }
  ],
  "comparison_metric": "val_auroc",
  "comparison_value_mean": 0.9067627159026145,
  "comparison_value_std": 0.012545056354710883
}