{
  "fold_id": 1,
  "best_epoch": 212,
  "stopped_epoch": 252,
  "comparison_metric": "val_auroc",
  "comparison_value": 0.9019644970414201,
  "train_metrics": {
    "auroc": 0.914260297783025,
    "auprc": 0.9161405096296671,
    "accuracy": 0.8298160173160173,
    "f1": 0.8322219258468925,
    "mcc": 0.6599034832046508
  },
  "val_metrics": {
    "auroc": 0.9019644970414201,
    "auprc": 0.9062565102164483,
    "accuracy": 0.8138461538461539,
    "f1": 0.8212703101920237,
    "mcc": 0.6298696805856346
  },
  "test_metrics": {
    "auroc": 0.8827922253460208,
    "auprc": 0.8786175163012685,
    "accuracy": 0.8005514705882353,
    "f1": 0.8036199095022625,
    "mcc": 0.6013966636182242
  }
}