{
  "fold_id": 4,
  "best_epoch": 202,
  "stopped_epoch": 242,
  "comparison_metric": "val_auroc",
  "comparison_value": 0.9255241070420415,
  "train_metrics": {
    "auroc": 0.9492074033470137,
    "auprc": 0.946229330567014,
    "accuracy": 0.8752705627705628,
    "f1": 0.8771649347188916,
    "mcc": 0.7508983986176303
  },
  "val_metrics": {
    "auroc": 0.9255241070420415,
    "auprc": 0.9214642397225846,
    "accuracy": 0.8466257668711656,
    "f1": 0.8461538461538461,
    "mcc": 0.6932645803587588
  },
  "test_metrics": {
    "auroc": 0.885670292251288,
    "auprc": 0.8820439363788108,
    "accuracy": 0.8103130755064457,
    "f1": 0.8123861566484517,
    "mcc": 0.6207777589790022
  }
}