{
  "ablation_name": "none_frac0.75",
  "ablation_config": {
    "name": "none_frac0.75",
    "ablation_type": "none",
    "train_fraction": 0.75
  },
  "hyperparameters": {
    "hidden_channels": 128,
    "out_channels": 64,
    "num_layers": 2,
    "sage_aggr": "mean",
    "fusion_method": "projected_concat",
    "dropout": 0.5,
    "lr": 0.005,
    "weight_decay": 0.0005
  },
  "num_folds": 5,
  "metrics_summary": {
    "train_auroc_mean": 0.9521943824974128,
    "train_auroc_std": 0.005939941950520755,
    "train_auprc_mean": 0.9509618069032653,
    "train_auprc_std": 0.006492527695690821,
    "train_mcc_mean": 0.7524359940565005,
    "train_mcc_std": 0.02143158795752789,
    "train_f1_mean": 0.8763241254030835,
    "train_f1_std": 0.013896809005511462,
    "train_accuracy_mean": 0.8753968253968253,
    "train_accuracy_std": 0.010819143295224699,
    "val_auroc_mean": 0.9122125516301086,
    "val_auroc_std": 0.010590404043876556,
    "val_auprc_mean": 0.912102874830268,
    "val_auprc_std": 0.00870106557228806,
    "val_mcc_mean": 0.6627873944611966,
    "val_mcc_std": 0.030139436812103997,
    "val_f1_mean": 0.8284504067362259,
    "val_f1_std": 0.01714992127454695,
    "val_accuracy_mean": 0.8310684285040113,
    "val_accuracy_std": 0.015237433707658617,
    "test_auroc_mean": 0.8937083303391244,
    "test_auroc_std": 0.010521125535031053,
    "test_auprc_mean": 0.8901895003630005,
    "test_auprc_std": 0.0123444916624213,
    "test_mcc_mean": 0.6323682916094939,
    "test_mcc_std": 0.025220903693217615,
    "test_f1_mean": 0.8139761058123657,
    "test_f1_std": 0.014621896692492895,
    "test_accuracy_mean": 0.8156036724081899,
    "test_accuracy_std": 0.01296979679293481
  },
  "fold_results": [
    {
      "train": {
        "auroc": 0.9625501562731,
        "auprc": 0.962034054452612,
        "accuracy": 0.8903318903318903,
        "f1": 0.8931082981715893,
        "mcc": 0.7817192670753905
      },
      "val": {
        "auroc": 0.9030059171597633,
        "auprc": 0.9064647248923019,
        "accuracy": 0.8184615384615385,
        "f1": 0.8161993769470405,
        "mcc": 0.6371161259671828
      },
      "test": {
        "auroc": 0.9014685607698962,
        "auprc": 0.9024436165395366,
        "accuracy": 0.828125,
        "f1": 0.827331486611265,
        "mcc": 0.6562777210098555
      }
    },
    {
      "train": {
        "auroc": 0.9488057236974985,
        "auprc": 0.9467511056410368,
        "accuracy": 0.8632756132756133,
        "f1": 0.8560577288264337,
        "mcc": 0.7302327758490158
      },
      "val": {
        "auroc": 0.907294674556213,
        "auprc": 0.9065685721526777,
        "accuracy": 0.823076923076923,
        "f1": 0.8148148148148148,
        "mcc": 0.6487416905327362
      },
      "test": {
        "auroc": 0.8933451827422145,
        "auprc": 0.8872149639106754,
        "accuracy": 0.8079044117647058,
        "f1": 0.7960975609756098,
        "mcc": 0.6199803476664403
      }
    },
    {
      "train": {
        "auroc": 0.9451956172735393,
        "auprc": 0.9437229630363793,
        "accuracy": 0.862914862914863,
        "f1": 0.864575908766928,
        "mcc": 0.726048216145237
      },
      "val": {
        "auroc": 0.9268978885166923,
        "auprc": 0.9265703084144067,
        "accuracy": 0.8573619631901841,
        "f1": 0.8567026194144838,
        "mcc": 0.7147541915574551
      },
      "test": {
        "auroc": 0.8798130568528297,
        "auprc": 0.8700732451120275,
        "accuracy": 0.8029465930018416,
        "f1": 0.8011152416356877,
        "mcc": 0.6059959584989443
      }
    },
    {
      "train": {
        "auroc": 0.9542966252922962,
        "auprc": 0.9541477770991558,
        "accuracy": 0.8827561327561327,
        "f1": 0.8870351060132082,
        "mcc": 0.7677184844667148
      },
      "val": {
        "auroc": 0.9010689149008242,
        "auprc": 0.9033353286821146,
        "accuracy": 0.8174846625766872,
        "f1": 0.8143525741029641,
        "mcc": 0.6353311046593656
      },
      "test": {
        "auroc": 0.9087668603251156,
        "auprc": 0.9039607013506068,
        "accuracy": 0.8342541436464088,
        "f1": 0.8339483394833949,
        "mcc": 0.6685128219196215
      }
    },
    {
      "train": {
        "auroc": 0.9501237899506298,
        "auprc": 0.9481531342871424,
        "accuracy": 0.8777056277056277,
        "f1": 0.8808435852372584,
        "mcc": 0.7564612267461448
      },
      "val": {
        "auroc": 0.9227953630170499,
        "auprc": 0.9175754400098387,
        "accuracy": 0.838957055214724,
        "f1": 0.8401826484018264,
        "mcc": 0.6779938595892434
      },
      "test": {
        "auroc": 0.8851479910055655,
        "auprc": 0.8872549749021561,
        "accuracy": 0.8047882136279927,
        "f1": 0.8113879003558719,
        "mcc": 0.6110746089526082
      }
    }
  ],
  "comparison_metric": "val_auroc",
  "comparison_value_mean": 0.9122125516301086,
  "comparison_value_std": 0.010590404043876556
}