{
  "fold_id": 1,
  "best_epoch": 221,
  "stopped_epoch": 261,
  "comparison_metric": "val_auroc",
  "comparison_value": 0.907294674556213,
  "train_metrics": {
    "auroc": 0.9488057236974985,
    "auprc": 0.9467511056410368,
    "accuracy": 0.8632756132756133,
    "f1": 0.8560577288264337,
    "mcc": 0.7302327758490158
  },
  "val_metrics": {
    "auroc": 0.907294674556213,
    "auprc": 0.9065685721526777,
    "accuracy": 0.823076923076923,
    "f1": 0.8148148148148148,
    "mcc": 0.6487416905327362
  },
  "test_metrics": {
    "auroc": 0.8933451827422145,
    "auprc": 0.8872149639106754,
    "accuracy": 0.8079044117647058,
    "f1": 0.7960975609756098,
    "mcc": 0.6199803476664403
  }
}