{
  "ablation_name": "none_frac0.25",
  "ablation_config": {
    "name": "none_frac0.25",
    "ablation_type": "none",
    "train_fraction": 0.25
  },
  "hyperparameters": {
    "hidden_channels": 128,
    "out_channels": 64,
    "num_layers": 2,
    "sage_aggr": "mean",
    "fusion_method": "projected_concat",
    "dropout": 0.5,
    "lr": 0.005,
    "weight_decay": 0.0005
  },
  "num_folds": 5,
  "metrics_summary": {
    "train_auroc_mean": 0.9584621727478873,
    "train_auroc_std": 0.018468665431541718,
    "train_auprc_mean": 0.9583042317555719,
    "train_auprc_std": 0.01926355454505774,
    "train_mcc_mean": 0.768590619770405,
    "train_mcc_std": 0.050413828803071624,
    "train_f1_mean": 0.8876106750506777,
    "train_f1_std": 0.024002014234530675,
    "train_accuracy_mean": 0.8829004329004329,
    "train_accuracy_std": 0.025236647244851886,
    "val_auroc_mean": 0.8822985522523581,
    "val_auroc_std": 0.014517318218086188,
    "val_auprc_mean": 0.8859271104661209,
    "val_auprc_std": 0.014976430892021731,
    "val_mcc_mean": 0.5990683278469672,
    "val_mcc_std": 0.029794213202135527,
    "val_f1_mean": 0.804620060289906,
    "val_f1_std": 0.013929891944532096,
    "val_accuracy_mean": 0.7985181689476168,
    "val_accuracy_std": 0.015210589959920334,
    "test_auroc_mean": 0.8666288952352478,
    "test_auroc_std": 0.015998579628101514,
    "test_auprc_mean": 0.8682665984703337,
    "test_auprc_std": 0.016262247912005794,
    "test_mcc_mean": 0.5768310069543545,
    "test_mcc_std": 0.03160144917135953,
    "test_f1_mean": 0.7945802640623791,
    "test_f1_std": 0.014964177748433092,
    "test_accuracy_mean": 0.7876252572852345,
    "test_accuracy_std": 0.015810013302203038
  },
  "fold_results": [
    {
      "train": {
        "auroc": 0.9776569029815783,
        "auprc": 0.9779013913743841,
        "accuracy": 0.9188311688311688,
        "f1": 0.9208025343189018,
        "mcc": 0.838702303086132
      },
      "val": {
        "auroc": 0.87294674556213,
        "auprc": 0.8735066282047133,
        "accuracy": 0.8015384615384615,
        "f1": 0.7974882260596546,
        "mcc": 0.6035599643422516
      },
      "test": {
        "auroc": 0.875969804282007,
        "auprc": 0.8783987072212996,
        "accuracy": 0.7977941176470589,
        "f1": 0.7992700729927007,
        "mcc": 0.5956526475838527
      }
    },
    {
      "train": {
        "auroc": 0.946758868836791,
        "auprc": 0.9467767283845508,
        "accuracy": 0.8679653679653679,
        "f1": 0.8723849372384938,
        "mcc": 0.737702431289347
      },
      "val": {
        "auroc": 0.8794414201183433,
        "auprc": 0.8861499888267468,
        "accuracy": 0.7830769230769231,
        "f1": 0.795355587808418,
        "mcc": 0.5702747130025768
      },
      "test": {
        "auroc": 0.8735098129325259,
        "auprc": 0.8759430007205937,
        "accuracy": 0.7996323529411765,
        "f1": 0.8067375886524822,
        "mcc": 0.6008912891518403
      }
    },
    {
      "train": {
        "auroc": 0.9294241112422932,
        "auprc": 0.9273916957089202,
        "accuracy": 0.8484848484848485,
        "f1": 0.855072463768116,
        "mcc": 0.6998677123677123
      },
      "val": {
        "auroc": 0.9048891565358125,
        "auprc": 0.9104364498734578,
        "accuracy": 0.8236196319018405,
        "f1": 0.8291233283803864,
        "mcc": 0.6485863408275013
      },
      "test": {
        "auroc": 0.8497841267903232,
        "auprc": 0.8522279762241207,
        "accuracy": 0.7679558011049724,
        "f1": 0.774597495527728,
        "mcc": 0.536844634089179
      }
    },
    {
      "train": {
        "auroc": 0.9771321751841232,
        "auprc": 0.9775361519817756,
        "accuracy": 0.9036796536796536,
        "f1": 0.9087179487179488,
        "mcc": 0.8123239134368699
      },
      "val": {
        "auroc": 0.8630735067183561,
        "auprc": 0.8677161146925315,
        "accuracy": 0.7822085889570553,
        "f1": 0.7905604719764012,
        "mcc": 0.5662208585049305
      },
      "test": {
        "auroc": 0.8876916659035642,
        "auprc": 0.888617391657711,
        "accuracy": 0.8038674033149171,
        "f1": 0.8126649076517151,
        "mcc": 0.6104332283610246
      }
    },
    {
      "train": {
        "auroc": 0.9613388054946497,
        "auprc": 0.9619151913282292,
        "accuracy": 0.8755411255411255,
        "f1": 0.8810754912099276,
        "mcc": 0.7543567386719635
      },
      "val": {
        "auroc": 0.8911419323271482,
        "auprc": 0.891826370733155,
        "accuracy": 0.8021472392638037,
        "f1": 0.8105726872246696,
        "mcc": 0.6066997625575757
      },
      "test": {
        "auroc": 0.8461890662678184,
        "auprc": 0.846145916527944,
        "accuracy": 0.7688766114180479,
        "f1": 0.7796312554872695,
        "mcc": 0.5403332355858758
      }
    }
  ],
  "comparison_metric": "val_auroc",
  "comparison_value_mean": 0.8822985522523581,
  "comparison_value_std": 0.014517318218086188
}