{
  "fold_id": 4,
  "best_epoch": 147,
  "stopped_epoch": 187,
  "comparison_metric": "val_auroc",
  "comparison_value": 0.9203300839324026,
  "train_metrics": {
    "auroc": 0.9367187646408427,
    "auprc": 0.9337103883227325,
    "accuracy": 0.8566017316017316,
    "f1": 0.8586666666666667,
    "mcc": 0.7135081441250278
  },
  "val_metrics": {
    "auroc": 0.9203300839324026,
    "auprc": 0.9185238373160866,
    "accuracy": 0.8466257668711656,
    "f1": 0.8461538461538461,
    "mcc": 0.6932645803587588
  },
  "test_metrics": {
    "auroc": 0.8811832497312184,
    "auprc": 0.8843431341180661,
    "accuracy": 0.8020257826887661,
    "f1": 0.8068283917340521,
    "mcc": 0.604799697204463
  }
}