{
  "fold_id": 4,
  "best_epoch": 147,
  "stopped_epoch": 187,
  "comparison_metric": "val_auroc",
  "comparison_value": 0.8939553615115361,
  "train_metrics": {
    "auroc": 0.9467622362305803,
    "auprc": 0.9434215341857027,
    "accuracy": 0.8698593073593074,
    "f1": 0.8746416471201459,
    "mcc": 0.7418811943244872
  },
  "val_metrics": {
    "auroc": 0.8939553615115361,
    "auprc": 0.9066009483809805,
    "accuracy": 0.8098159509202454,
    "f1": 0.8098159509202454,
    "mcc": 0.6196319018404908
  },
  "test_metrics": {
    "auroc": 0.8755668155564373,
    "auprc": 0.8764167855312718,
    "accuracy": 0.7928176795580111,
    "f1": 0.7971145175834085,
    "mcc": 0.5861614226245184
  }
}