{
  "fold_id": 0,
  "best_epoch": 284,
  "stopped_epoch": 299,
  "comparison_metric": "val_auroc",
  "comparison_value": 0.9030059171597633,
  "train_metrics": {
    "auroc": 0.9625501562731,
    "auprc": 0.962034054452612,
    "accuracy": 0.8903318903318903,
    "f1": 0.8931082981715893,
    "mcc": 0.7817192670753905
  },
  "val_metrics": {
    "auroc": 0.9030059171597633,
    "auprc": 0.9064647248923019,
    "accuracy": 0.8184615384615385,
    "f1": 0.8161993769470405,
    "mcc": 0.6371161259671828
  },
  "test_metrics": {
    "auroc": 0.9014685607698962,
    "auprc": 0.9024436165395366,
    "accuracy": 0.828125,
    "f1": 0.827331486611265,
    "mcc": 0.6562777210098555
  }
}