{
  "fold_id": 4,
  "best_epoch": 217,
  "stopped_epoch": 257,
  "comparison_metric": "val_auroc",
  "comparison_value": 0.867401859309722,
  "train_metrics": {
    "auroc": 0.8966980214950995,
    "auprc": 0.9011139985830146,
    "accuracy": 0.6958874458874459,
    "f1": 0.7621667371984765,
    "mcc": 0.47186364651242946
  },
  "val_metrics": {
    "auroc": 0.867401859309722,
    "auprc": 0.8809418492645237,
    "accuracy": 0.6687116564417178,
    "f1": 0.7403846153846154,
    "mcc": 0.4047072633758678
  },
  "test_metrics": {
    "auroc": 0.8460805361388372,
    "auprc": 0.8550945998914387,
    "accuracy": 0.6749539594843462,
    "f1": 0.7447577729573391,
    "mcc": 0.4179712445675266
  }
}