{
  "fold_id": 3,
  "best_epoch": 127,
  "stopped_epoch": 167,
  "comparison_metric": "val_auroc",
  "comparison_value": 0.8486111633859008,
  "train_metrics": {
    "auroc": 0.8782447035287944,
    "auprc": 0.8868616431484333,
    "accuracy": 0.6631493506493507,
    "f1": 0.7419689119170985,
    "mcc": 0.41215773018547897
  },
  "val_metrics": {
    "auroc": 0.8486111633859008,
    "auprc": 0.8602519383822683,
    "accuracy": 0.6503067484662577,
    "f1": 0.7292161520190024,
    "mcc": 0.369940407569596
  },
  "test_metrics": {
    "auroc": 0.8618547120729594,
    "auprc": 0.8618833824692391,
    "accuracy": 0.6694290976058932,
    "f1": 0.7441197434069851,
    "mcc": 0.41736341552839423
  }
}