{
  "fold_id": 2,
  "best_epoch": 292,
  "stopped_epoch": 299,
  "comparison_metric": "val_auroc",
  "comparison_value": 0.9141951146072491,
  "train_metrics": {
    "auroc": 0.9159311107363057,
    "auprc": 0.9154297641632342,
    "accuracy": 0.8273809523809523,
    "f1": 0.8172966781214204,
    "mcc": 0.6587881603610004
  },
  "val_metrics": {
    "auroc": 0.9141951146072491,
    "auprc": 0.9180230226801253,
    "accuracy": 0.8343558282208589,
    "f1": 0.8241042345276873,
    "mcc": 0.6733014626338335
  },
  "test_metrics": {
    "auroc": 0.8700996103090057,
    "auprc": 0.8557331750016036,
    "accuracy": 0.783609576427256,
    "f1": 0.7733847637415622,
    "mcc": 0.5695428297374576
  }
}