{
  "fold_id": 3,
  "best_epoch": 260,
  "stopped_epoch": 299,
  "comparison_metric": "val_auroc",
  "comparison_value": 0.8892412209718092,
  "train_metrics": {
    "auroc": 0.9760628080433275,
    "auprc": 0.9759408928571224,
    "accuracy": 0.920995670995671,
    "f1": 0.9219251336898395,
    "mcc": 0.8422301031876882
  },
  "val_metrics": {
    "auroc": 0.8892412209718092,
    "auprc": 0.8845818005222079,
    "accuracy": 0.8113496932515337,
    "f1": 0.8044515103338633,
    "mcc": 0.6242549721761353
  },
  "test_metrics": {
    "auroc": 0.90674887823937,
    "auprc": 0.9033103563366236,
    "accuracy": 0.8222836095764272,
    "f1": 0.8167141500474834,
    "mcc": 0.6457608540396529
  }
}