{
  "fold_id": 1,
  "best_epoch": 224,
  "stopped_epoch": 264,
  "comparison_metric": "val_auroc",
  "comparison_value": 0.8999005917159763,
  "train_metrics": {
    "auroc": 0.9136216642304305,
    "auprc": 0.9138693092188912,
    "accuracy": 0.8187229437229437,
    "f1": 0.8323323323323323,
    "mcc": 0.6460151065777466
  },
  "val_metrics": {
    "auroc": 0.8999005917159763,
    "auprc": 0.9042835926157508,
    "accuracy": 0.7846153846153846,
    "f1": 0.8092643051771117,
    "mcc": 0.5892526619296253
  },
  "test_metrics": {
    "auroc": 0.8923246918252594,
    "auprc": 0.8922405143659018,
    "accuracy": 0.7996323529411765,
    "f1": 0.8164983164983165,
    "mcc": 0.609653654298338
  }
}