{
  "ablation_name": "cross_edges_only_frac1.00",
  "ablation_config": {
    "name": "cross_edges_only_frac1.00",
    "ablation_type": "cross_edges_only",
    "train_fraction": 1.0
  },
  "hyperparameters": {
    "hidden_channels": 128,
    "out_channels": 64,
    "num_layers": 2,
    "sage_aggr": "mean",
    "fusion_method": "projected_concat",
    "dropout": 0.5,
    "lr": 0.005,
    "weight_decay": 0.0005
  },
  "num_folds": 5,
  "metrics_summary": {
    "train_auroc_mean": 0.9456226808905381,
    "train_auroc_std": 0.01030526566233452,
    "train_auprc_mean": 0.9427772807476178,
    "train_auprc_std": 0.01060900836042815,
    "train_mcc_mean": 0.7394428428779554,
    "train_mcc_std": 0.03339702208048012,
    "train_f1_mean": 0.873802194213072,
    "train_f1_std": 0.01576752040570034,
    "train_accuracy_mean": 0.8683441558441558,
    "train_accuracy_std": 0.016812902055588688,
    "val_auroc_mean": 0.8825956534743409,
    "val_auroc_std": 0.010673683871832238,
    "val_auprc_mean": 0.8890457705159112,
    "val_auprc_std": 0.016003321675124818,
    "val_mcc_mean": 0.6058993573914294,
    "val_mcc_std": 0.0229967746350195,
    "val_f1_mean": 0.8035498814503059,
    "val_f1_std": 0.012986794677739149,
    "val_accuracy_mean": 0.802825861255309,
    "val_accuracy_std": 0.011411049346354807,
    "test_auroc_mean": 0.8712316988582625,
    "test_auroc_std": 0.0135680228792207,
    "test_auprc_mean": 0.8720454527068412,
    "test_auprc_std": 0.01474311748737773,
    "test_mcc_mean": 0.5829536425658736,
    "test_mcc_std": 0.032168515627334825,
    "test_f1_mean": 0.7926727240677861,
    "test_f1_std": 0.015859434971084507,
    "test_accuracy_mean": 0.7913156077348067,
    "test_accuracy_std": 0.016150892682545354
  },
  "fold_results": [
    {
      "train": {
        "auroc": 0.9593942087854426,
        "auprc": 0.9575969222305587,
        "accuracy": 0.891504329004329,
        "f1": 0.8955457150299557,
        "mcc": 0.7853634927694905
      },
      "val": {
        "auroc": 0.8668781065088756,
        "auprc": 0.8611117259135666,
        "accuracy": 0.8015384615384615,
        "f1": 0.7987519500780031,
        "mcc": 0.6033082951208035
      },
      "test": {
        "auroc": 0.8754832125865051,
        "auprc": 0.878347291601008,
        "accuracy": 0.7941176470588235,
        "f1": 0.7922077922077922,
        "mcc": 0.5883347048710612
      }
    },
    {
      "train": {
        "auroc": 0.9499417880099698,
        "auprc": 0.9472171952783148,
        "accuracy": 0.8720238095238095,
        "f1": 0.8768549856808123,
        "mcc": 0.7463486040027542
      },
      "val": {
        "auroc": 0.8883881656804733,
        "auprc": 0.8972061851447373,
        "accuracy": 0.8046153846153846,
        "f1": 0.8072837632776935,
        "mcc": 0.6094645022138729
      },
      "test": {
        "auroc": 0.8614294982698962,
        "auprc": 0.8624085954100523,
        "accuracy": 0.7840073529411765,
        "f1": 0.7809878844361603,
        "mcc": 0.5682307597447147
      }
    },
    {
      "train": {
        "auroc": 0.9277467099098592,
        "auprc": 0.9249220602809536,
        "accuracy": 0.8390151515151515,
        "f1": 0.8462929475587704,
        "mcc": 0.6810910276247882
      },
      "val": {
        "auroc": 0.8907937822274079,
        "auprc": 0.897996656906904,
        "accuracy": 0.8159509202453987,
        "f1": 0.8203592814371258,
        "mcc": 0.6326642878438751
      },
      "test": {
        "auroc": 0.8520056028679086,
        "auprc": 0.8499105213405035,
        "accuracy": 0.7679558011049724,
        "f1": 0.7733812949640287,
        "mcc": 0.5365270025987003
      }
    },
    {
      "train": {
        "auroc": 0.9442684615168382,
        "auprc": 0.9407286917625587,
        "accuracy": 0.8693181818181818,
        "f1": 0.8756756756756757,
        "mcc": 0.7425298956682564
      },
      "val": {
        "auroc": 0.8729628514434115,
        "auprc": 0.8823133362333666,
        "accuracy": 0.7822085889570553,
        "f1": 0.7815384615384615,
        "mcc": 0.5644277999381045
      },
      "test": {
        "auroc": 0.8916733650105648,
        "auprc": 0.8931440696513706,
        "accuracy": 0.8176795580110497,
        "f1": 0.819672131147541,
        "mcc": 0.6355143229903731
      }
    },
    {
      "train": {
        "auroc": 0.9467622362305803,
        "auprc": 0.9434215341857027,
        "accuracy": 0.8698593073593074,
        "f1": 0.8746416471201459,
        "mcc": 0.7418811943244872
      },
      "val": {
        "auroc": 0.8939553615115361,
        "auprc": 0.9066009483809805,
        "accuracy": 0.8098159509202454,
        "f1": 0.8098159509202454,
        "mcc": 0.6196319018404908
      },
      "test": {
        "auroc": 0.8755668155564373,
        "auprc": 0.8764167855312718,
        "accuracy": 0.7928176795580111,
        "f1": 0.7971145175834085,
        "mcc": 0.5861614226245184
      }
    }
  ],
  "comparison_metric": "val_auroc",
  "comparison_value_mean": 0.8825956534743409,
  "comparison_value_std": 0.010673683871832238
}