{
  "fold_id": 3,
  "best_epoch": 180,
  "stopped_epoch": 220,
  "comparison_metric": "val_auroc",
  "comparison_value": 0.9022074598215966,
  "train_metrics": {
    "auroc": 0.9451188016528926,
    "auprc": 0.9446935377493143,
    "accuracy": 0.8682359307359307,
    "f1": 0.8689803605057842,
    "mcc": 0.7365194172050639
  },
  "val_metrics": {
    "auroc": 0.9022074598215966,
    "auprc": 0.9106600796876134,
    "accuracy": 0.8190184049079755,
    "f1": 0.8121019108280255,
    "mcc": 0.6397729019976997
  },
  "test_metrics": {
    "auroc": 0.9156619150819572,
    "auprc": 0.9175598062402092,
    "accuracy": 0.8360957642725598,
    "f1": 0.832391713747646,
    "mcc": 0.6728490694021675
  }
}