{
  "fold_id": 3,
  "best_epoch": 290,
  "stopped_epoch": 299,
  "comparison_metric": "val_auroc",
  "comparison_value": 0.9058771500621026,
  "train_metrics": {
    "auroc": 0.9235844647776466,
    "auprc": 0.9232967533359872,
    "accuracy": 0.8371212121212122,
    "f1": 0.841994750656168,
    "mcc": 0.6755289945659083
  },
  "val_metrics": {
    "auroc": 0.9058771500621026,
    "auprc": 0.9117421942444383,
    "accuracy": 0.8067484662576687,
    "f1": 0.8119402985074626,
    "mcc": 0.6144342497752621
  },
  "test_metrics": {
    "auroc": 0.9079766253234706,
    "auprc": 0.9061799567297791,
    "accuracy": 0.8241252302025782,
    "f1": 0.8233117483811286,
    "mcc": 0.648277944459994
  }
}