{
  "ablation_name": "degree_only_frac1.00",
  "ablation_config": {
    "name": "degree_only_frac1.00",
    "ablation_type": "degree_only",
    "train_fraction": 1.0
  },
  "hyperparameters": {
    "hidden_channels": 128,
    "out_channels": 64,
    "num_layers": 2,
    "sage_aggr": "mean",
    "fusion_method": "projected_concat",
    "dropout": 0.5,
    "lr": 0.005,
    "weight_decay": 0.0005
  },
  "num_folds": 5,
  "metrics_summary": {
    "train_auroc_mean": 0.8779027520098948,
    "train_auroc_std": 0.010099189696311146,
    "train_auprc_mean": 0.8809478594373511,
    "train_auprc_std": 0.010826552572475518,
    "train_mcc_mean": 0.4248943573155624,
    "train_mcc_std": 0.015886963138423377,
    "train_f1_mean": 0.7457279923690014,
    "train_f1_std": 0.004889780982655053,
    "train_accuracy_mean": 0.6676948051948053,
    "train_accuracy_std": 0.006791933947503472,
    "val_auroc_mean": 0.8532927458414076,
    "val_auroc_std": 0.0230477419412579,
    "val_auprc_mean": 0.8619354041379399,
    "val_auprc_std": 0.025278669904919473,
    "val_mcc_mean": 0.38579508034017557,
    "val_mcc_std": 0.01931445024553623,
    "val_f1_mean": 0.7337644673195587,
    "val_f1_std": 0.0056009609578724535,
    "val_accuracy_mean": 0.652326569136385,
    "val_accuracy_std": 0.008468578022183842,
    "test_auroc_mean": 0.8425864276175787,
    "test_auroc_std": 0.011549683154436998,
    "test_auprc_mean": 0.8423815778488286,
    "test_auprc_std": 0.016533450288967723,
    "test_mcc_mean": 0.3920042877734319,
    "test_mcc_std": 0.029562781362188272,
    "test_f1_mean": 0.7361471180591238,
    "test_f1_std": 0.009473151821055624,
    "test_accuracy_mean": 0.6560546663416748,
    "test_accuracy_std": 0.01865361067097042
  },
  "fold_results": [
    {
      "train": {
        "auroc": 0.8648099735762074,
        "auprc": 0.8698696439151417,
        "accuracy": 0.6620670995670995,
        "f1": 0.7403866140095614,
        "mcc": 0.4064517608163008
      },
      "val": {
        "auroc": 0.8207242603550297,
        "auprc": 0.8210682459338048,
        "accuracy": 0.6553846153846153,
        "f1": 0.7339667458432304,
        "mcc": 0.38516807384175117
      },
      "test": {
        "auroc": 0.8287366187283738,
        "auprc": 0.8188688598511791,
        "accuracy": 0.6424632352941176,
        "f1": 0.7292971468336813,
        "mcc": 0.3714399934885062
      }
    },
    {
      "train": {
        "auroc": 0.8753835900751484,
        "auprc": 0.8744287332248435,
        "accuracy": 0.667478354978355,
        "f1": 0.7447559709241952,
        "mcc": 0.4208895196112459
      },
      "val": {
        "auroc": 0.8431763313609468,
        "auprc": 0.8612275873687931,
        "accuracy": 0.6369230769230769,
        "f1": 0.7242990654205608,
        "mcc": 0.35405380444338713
      },
      "test": {
        "auroc": 0.8448346939878892,
        "auprc": 0.854373700753727,
        "accuracy": 0.6691176470588235,
        "f1": 0.7406340057636888,
        "mcc": 0.4054634268028506
      }
    },
    {
      "train": {
        "auroc": 0.8791642948501714,
        "auprc": 0.8801128649091199,
        "accuracy": 0.6628787878787878,
        "f1": 0.7444626743232158,
        "mcc": 0.42328251075544965
      },
      "val": {
        "auroc": 0.8785332530392562,
        "auprc": 0.8838537755897362,
        "accuracy": 0.651840490797546,
        "f1": 0.7387802071346375,
        "mcc": 0.4069321760870208
      },
      "test": {
        "auroc": 0.8297467517271552,
        "auprc": 0.8259600703432438,
        "accuracy": 0.6261510128913443,
        "f1": 0.7211538461538461,
        "mcc": 0.34471654383954353
      }
    },
    {
      "train": {
        "auroc": 0.8744092420025861,
        "auprc": 0.8789775935665527,
        "accuracy": 0.6653138528138528,
        "f1": 0.7440513138837161,
        "mcc": 0.4194056165882809
      },
      "val": {
        "auroc": 0.8432571794196243,
        "auprc": 0.8511381865300756,
        "accuracy": 0.6549079754601227,
        "f1": 0.7318235995232419,
        "mcc": 0.3782294063627145
      },
      "test": {
        "auroc": 0.8566181333496128,
        "auprc": 0.8541088025814241,
        "accuracy": 0.6749539594843462,
        "f1": 0.7465900933237617,
        "mcc": 0.4242170666546512
      }
    },
    {
      "train": {
        "auroc": 0.8957466595453608,
        "auprc": 0.9013504615710973,
        "accuracy": 0.6807359307359307,
        "f1": 0.7549833887043189,
        "mcc": 0.45444237880653465
      },
      "val": {
        "auroc": 0.8807727050321803,
        "auprc": 0.8923892252672895,
        "accuracy": 0.6625766871165644,
        "f1": 0.7399527186761229,
        "mcc": 0.40459194096600426
      },
      "test": {
        "auroc": 0.8529959402948628,
        "auprc": 0.858596455714569,
        "accuracy": 0.6675874769797422,
        "f1": 0.7430604982206406,
        "mcc": 0.41418440808160784
      }
    }
  ],
  "comparison_metric": "val_auroc",
  "comparison_value_mean": 0.8532927458414076,
  "comparison_value_std": 0.0230477419412579
}