{
  "fold_id": 0,
  "best_epoch": 211,
  "stopped_epoch": 251,
  "comparison_metric": "val_auroc",
  "comparison_value": 0.8962840236686389,
  "train_metrics": {
    "auroc": 0.9631367009613763,
    "auprc": 0.9636156959978102,
    "accuracy": 0.8901515151515151,
    "f1": 0.8944357774310973,
    "mcc": 0.7828862679552121
  },
  "val_metrics": {
    "auroc": 0.8962840236686389,
    "auprc": 0.8955228678330898,
    "accuracy": 0.8323076923076923,
    "f1": 0.8340943683409436,
    "mcc": 0.6647695975807687
  },
  "test_metrics": {
    "auroc": 0.8913210964532873,
    "auprc": 0.8946598170214703,
    "accuracy": 0.8106617647058824,
    "f1": 0.8130671506352087,
    "mcc": 0.6215293846246126
  }
}