{
  "fold_id": 3,
  "best_epoch": 224,
  "stopped_epoch": 264,
  "comparison_metric": "val_auroc",
  "comparison_value": 0.9010689149008242,
  "train_metrics": {
    "auroc": 0.9542966252922962,
    "auprc": 0.9541477770991558,
    "accuracy": 0.8827561327561327,
    "f1": 0.8870351060132082,
    "mcc": 0.7677184844667148
  },
  "val_metrics": {
    "auroc": 0.9010689149008242,
    "auprc": 0.9033353286821146,
    "accuracy": 0.8174846625766872,
    "f1": 0.8143525741029641,
    "mcc": 0.6353311046593656
  },
  "test_metrics": {
    "auroc": 0.9087668603251156,
    "auprc": 0.9039607013506068,
    "accuracy": 0.8342541436464088,
    "f1": 0.8339483394833949,
    "mcc": 0.6685128219196215
  }
}