{
  "fold_id": 4,
  "best_epoch": 257,
  "stopped_epoch": 297,
  "comparison_metric": "val_auroc",
  "comparison_value": 0.9208287854266248,
  "train_metrics": {
    "auroc": 0.9207751799066735,
    "auprc": 0.920983801565238,
    "accuracy": 0.832521645021645,
    "f1": 0.8329284750337382,
    "mcc": 0.6650511769868149
  },
  "val_metrics": {
    "auroc": 0.9208287854266248,
    "auprc": 0.9224353594201619,
    "accuracy": 0.8466257668711656,
    "f1": 0.8507462686567164,
    "mcc": 0.6943107022460462
  },
  "test_metrics": {
    "auroc": 0.8784666049401559,
    "auprc": 0.8815639820608409,
    "accuracy": 0.7882136279926335,
    "f1": 0.7935368043087971,
    "mcc": 0.5771951443038956
  }
}