{
  "fold_id": 0,
  "best_epoch": 264,
  "stopped_epoch": 299,
  "comparison_metric": "val_auroc",
  "comparison_value": 0.8798674556213019,
  "train_metrics": {
    "auroc": 0.9252333164670826,
    "auprc": 0.9280173592075308,
    "accuracy": 0.8333333333333334,
    "f1": 0.8394160583941606,
    "mcc": 0.6685880109776102
  },
  "val_metrics": {
    "auroc": 0.8798674556213019,
    "auprc": 0.876639160448008,
    "accuracy": 0.7923076923076923,
    "f1": 0.7969924812030075,
    "mcc": 0.5852390484520125
  },
  "test_metrics": {
    "auroc": 0.8928112835207612,
    "auprc": 0.8953784988022379,
    "accuracy": 0.8134191176470589,
    "f1": 0.8176100628930818,
    "mcc": 0.6275012089512018
  }
}