{
  "fold_id": 2,
  "best_epoch": 200,
  "stopped_epoch": 240,
  "comparison_metric": "val_auroc",
  "comparison_value": 0.8945293387029998,
  "train_metrics": {
    "auroc": 0.9126294543299415,
    "auprc": 0.9114781202309756,
    "accuracy": 0.8257575757575758,
    "f1": 0.8356304236855538,
    "mcc": 0.6562677208014784
  },
  "val_metrics": {
    "auroc": 0.8945293387029998,
    "auprc": 0.8906571951362752,
    "accuracy": 0.8159509202453987,
    "f1": 0.8208955223880597,
    "mcc": 0.63286727726852
  },
  "test_metrics": {
    "auroc": 0.8577441334377937,
    "auprc": 0.8580162801051816,
    "accuracy": 0.7771639042357275,
    "f1": 0.7839285714285714,
    "mcc": 0.5554176771798351
  }
}