{
  "fold_id": 0,
  "best_epoch": 211,
  "stopped_epoch": 251,
  "comparison_metric": "val_auroc",
  "comparison_value": 0.9025609467455622,
  "train_metrics": {
    "auroc": 0.9503376763928713,
    "auprc": 0.949648273502752,
    "accuracy": 0.8690476190476191,
    "f1": 0.8719576719576719,
    "mcc": 0.7388589167662473
  },
  "val_metrics": {
    "auroc": 0.9025609467455622,
    "auprc": 0.9058270324344528,
    "accuracy": 0.823076923076923,
    "f1": 0.8211508553654744,
    "mcc": 0.6463037754257474
  },
  "test_metrics": {
    "auroc": 0.902512705449827,
    "auprc": 0.904718921242357,
    "accuracy": 0.8189338235294118,
    "f1": 0.8191000918273645,
    "mcc": 0.6378687247737073
  }
}