{
  "ablation_name": "no_community_flag_frac1.00",
  "ablation_config": {
    "name": "no_community_flag_frac1.00",
    "ablation_type": "no_community_flag",
    "train_fraction": 1.0
  },
  "hyperparameters": {
    "hidden_channels": 128,
    "out_channels": 64,
    "num_layers": 2,
    "sage_aggr": "mean",
    "fusion_method": "projected_concat",
    "dropout": 0.5,
    "lr": 0.005,
    "weight_decay": 0.0005
  },
  "num_folds": 5,
  "metrics_summary": {
    "train_auroc_mean": 0.9460050996982815,
    "train_auroc_std": 0.007671827779102514,
    "train_auprc_mean": 0.9440447236443598,
    "train_auprc_std": 0.008483256399806459,
    "train_mcc_mean": 0.7334211496845863,
    "train_mcc_std": 0.021363593849886307,
    "train_f1_mean": 0.8671602946771735,
    "train_f1_std": 0.010736568316766983,
    "train_accuracy_mean": 0.8665043290043289,
    "train_accuracy_std": 0.0105880999085197,
    "val_auroc_mean": 0.9153854947294763,
    "val_auroc_std": 0.008491833520255737,
    "val_auprc_mean": 0.9155912143621749,
    "val_auprc_std": 0.006449580531692732,
    "val_mcc_mean": 0.6753597355041439,
    "val_mcc_std": 0.026561104944714118,
    "val_f1_mean": 0.8321039961978253,
    "val_f1_std": 0.016397163224673182,
    "val_accuracy_mean": 0.8365946201038226,
    "val_accuracy_std": 0.013855107986799769,
    "test_auroc_mean": 0.9007399472026169,
    "test_auroc_std": 0.014842225275551952,
    "test_auprc_mean": 0.8987366399501452,
    "test_auprc_std": 0.016704098915772674,
    "test_mcc_mean": 0.6333810800323955,
    "test_mcc_std": 0.0319097069870372,
    "test_f1_mean": 0.813241234440189,
    "test_f1_std": 0.017589141919616413,
    "test_accuracy_mean": 0.8159740277326399,
    "test_accuracy_std": 0.01619381228844248
  },
  "fold_results": [
    {
      "train": {
        "auroc": 0.956397521129664,
        "auprc": 0.9556991311383689,
        "accuracy": 0.8790584415584416,
        "f1": 0.8766896551724138,
        "mcc": 0.7586770275900255
      },
      "val": {
        "auroc": 0.9061491124260356,
        "auprc": 0.9092566659914566,
        "accuracy": 0.823076923076923,
        "f1": 0.8092868988391376,
        "mcc": 0.6530184125357404
      },
      "test": {
        "auroc": 0.9085951016435987,
        "auprc": 0.9090081961267154,
        "accuracy": 0.8097426470588235,
        "f1": 0.7964601769911505,
        "mcc": 0.6248298553191189
      }
    },
    {
      "train": {
        "auroc": 0.949247226438785,
        "auprc": 0.9462956411489606,
        "accuracy": 0.8736471861471862,
        "f1": 0.8763568970082076,
        "mcc": 0.7480132485468984
      },
      "val": {
        "auroc": 0.9149633136094674,
        "auprc": 0.914838203681672,
        "accuracy": 0.8261538461538461,
        "f1": 0.8295625942684767,
        "mcc": 0.6528301655130476
      },
      "test": {
        "auroc": 0.9033980320069204,
        "auprc": 0.9032809585506796,
        "accuracy": 0.8207720588235294,
        "f1": 0.8225659690627843,
        "mcc": 0.641675312653649
      }
    },
    {
      "train": {
        "auroc": 0.9375032209853639,
        "auprc": 0.9349873005231173,
        "accuracy": 0.851461038961039,
        "f1": 0.8502863376056722,
        "mcc": 0.7030086443448451
      },
      "val": {
        "auroc": 0.9286856863261698,
        "auprc": 0.9263306652280563,
        "accuracy": 0.8588957055214724,
        "f1": 0.8544303797468354,
        "mcc": 0.7191460423737419
      },
      "test": {
        "auroc": 0.8878069791656069,
        "auprc": 0.8754850920125413,
        "accuracy": 0.8020257826887661,
        "f1": 0.7973609802073516,
        "mcc": 0.6046927978220733
      }
    },
    {
      "train": {
        "auroc": 0.9501587652967523,
        "auprc": 0.9495311570886202,
        "accuracy": 0.8717532467532467,
        "f1": 0.8738019169329073,
        "mcc": 0.7438986838161348
      },
      "val": {
        "auroc": 0.9067992773533066,
        "auprc": 0.9090066995936033,
        "accuracy": 0.8282208588957055,
        "f1": 0.8210862619808307,
        "mcc": 0.6585394767394301
      },
      "test": {
        "auroc": 0.9227163734657402,
        "auprc": 0.921565818942724,
        "accuracy": 0.8453038674033149,
        "f1": 0.8429906542056075,
        "mcc": 0.6909077371626731
      }
    },
    {
      "train": {
        "auroc": 0.9367187646408427,
        "auprc": 0.9337103883227325,
        "accuracy": 0.8566017316017316,
        "f1": 0.8586666666666667,
        "mcc": 0.7135081441250278
      },
      "val": {
        "auroc": 0.9203300839324026,
        "auprc": 0.9185238373160866,
        "accuracy": 0.8466257668711656,
        "f1": 0.8461538461538461,
        "mcc": 0.6932645803587588
      },
      "test": {
        "auroc": 0.8811832497312184,
        "auprc": 0.8843431341180661,
        "accuracy": 0.8020257826887661,
        "f1": 0.8068283917340521,
        "mcc": 0.604799697204463
      }
    }
  ],
  "comparison_metric": "val_auroc",
  "comparison_value_mean": 0.9153854947294763,
  "comparison_value_std": 0.008491833520255737
}