{
  "fold_id": 4,
  "best_epoch": 218,
  "stopped_epoch": 258,
  "comparison_metric": "val_auroc",
  "comparison_value": 0.9091610523542474,
  "train_metrics": {
    "auroc": 0.9206204262007833,
    "auprc": 0.9175851500581453,
    "accuracy": 0.8357683982683982,
    "f1": 0.8424604204515962,
    "mcc": 0.6739734509584442
  },
  "val_metrics": {
    "auroc": 0.9091610523542474,
    "auprc": 0.9137104705174428,
    "accuracy": 0.8190184049079755,
    "f1": 0.830945558739255,
    "mcc": 0.6444850526605862
  },
  "test_metrics": {
    "auroc": 0.8742373214764166,
    "auprc": 0.8753994693921109,
    "accuracy": 0.7900552486187845,
    "f1": 0.8020833333333334,
    "mcc": 0.5844437490220786
  }
}