{
  "fold_id": 1,
  "best_epoch": 223,
  "stopped_epoch": 263,
  "comparison_metric": "val_auroc",
  "comparison_value": 0.9113940828402367,
  "train_metrics": {
    "auroc": 0.9493807509229588,
    "auprc": 0.9465868899091106,
    "accuracy": 0.8733766233766234,
    "f1": 0.8741258741258742,
    "mcc": 0.7468061685666263
  },
  "val_metrics": {
    "auroc": 0.9113940828402367,
    "auprc": 0.9123521007219635,
    "accuracy": 0.8153846153846154,
    "f1": 0.817629179331307,
    "mcc": 0.630960414605181
  },
  "test_metrics": {
    "auroc": 0.8986909331747406,
    "auprc": 0.8956224067542372,
    "accuracy": 0.8244485294117647,
    "f1": 0.8226555246053854,
    "mcc": 0.6490297574978169
  }
}