{
  "ablation_name": "global_only_frac1.00",
  "ablation_config": {
    "name": "global_only_frac1.00",
    "ablation_type": "global_only",
    "train_fraction": 1.0
  },
  "hyperparameters": {
    "hidden_channels": 128,
    "out_channels": 64,
    "num_layers": 2,
    "sage_aggr": "mean",
    "fusion_method": "projected_concat",
    "dropout": 0.5,
    "lr": 0.005,
    "weight_decay": 0.0005
  },
  "num_folds": 5,
  "metrics_summary": {
    "train_auroc_mean": 0.9192196489477334,
    "train_auroc_std": 0.004851160428596194,
    "train_auprc_mean": 0.9162470772752428,
    "train_auprc_std": 0.004484454956703246,
    "train_mcc_mean": 0.6618860607107372,
    "train_mcc_std": 0.013108921393898293,
    "train_f1_mean": 0.8360417450556857,
    "train_f1_std": 0.00395190741329248,
    "train_accuracy_mean": 0.8277056277056276,
    "train_accuracy_std": 0.01073749072244005,
    "val_auroc_mean": 0.8908880195788079,
    "val_auroc_std": 0.011562287283039714,
    "val_auprc_mean": 0.8950115385610042,
    "val_auprc_std": 0.011662153641419985,
    "val_mcc_mean": 0.602601703498483,
    "val_mcc_std": 0.043493028083003225,
    "val_f1_mean": 0.8051494214482784,
    "val_f1_std": 0.020954201680705165,
    "val_accuracy_mean": 0.7991439358187825,
    "val_accuracy_std": 0.02282650793208035,
    "test_auroc_mean": 0.8793469620344625,
    "test_auroc_std": 0.013973015486308693,
    "test_auprc_mean": 0.8797223011787333,
    "test_auprc_std": 0.016067139264930176,
    "test_mcc_mean": 0.5861773582636303,
    "test_mcc_std": 0.016346473410652616,
    "test_f1_mean": 0.7971343934445669,
    "test_f1_std": 0.010130053876452263,
    "test_accuracy_mean": 0.7909411900119163,
    "test_accuracy_std": 0.007478924196315456
  },
  "fold_results": [
    {
      "train": {
        "auroc": 0.9263187885346977,
        "auprc": 0.9235554143788645,
        "accuracy": 0.8365800865800865,
        "f1": 0.8340659340659341,
        "mcc": 0.6734694588062461
      },
      "val": {
        "auroc": 0.8871668639053255,
        "auprc": 0.8956514114956466,
        "accuracy": 0.796923076923077,
        "f1": 0.7843137254901961,
        "mcc": 0.5979474912821019
      },
      "test": {
        "auroc": 0.8900911007785467,
        "auprc": 0.8925324726153072,
        "accuracy": 0.7987132352941176,
        "f1": 0.7875848690591658,
        "mcc": 0.6007332140097724
      }
    },
    {
      "train": {
        "auroc": 0.9214313824703434,
        "auprc": 0.9170550925364493,
        "accuracy": 0.8327922077922078,
        "f1": 0.8375394321766562,
        "mcc": 0.6667239591769888
      },
      "val": {
        "auroc": 0.8902153846153846,
        "auprc": 0.8974878156077731,
        "accuracy": 0.8076923076923077,
        "f1": 0.8125937031484258,
        "mcc": 0.6162282222054464
      },
      "test": {
        "auroc": 0.8763651600346022,
        "auprc": 0.8697566707929916,
        "accuracy": 0.7959558823529411,
        "f1": 0.8003597122302158,
        "mcc": 0.5924886456573966
      }
    },
    {
      "train": {
        "auroc": 0.9126294543299415,
        "auprc": 0.9114781202309756,
        "accuracy": 0.8257575757575758,
        "f1": 0.8356304236855538,
        "mcc": 0.6562677208014784
      },
      "val": {
        "auroc": 0.8945293387029998,
        "auprc": 0.8906571951362752,
        "accuracy": 0.8159509202453987,
        "f1": 0.8208955223880597,
        "mcc": 0.63286727726852
      },
      "test": {
        "auroc": 0.8577441334377937,
        "auprc": 0.8580162801051816,
        "accuracy": 0.7771639042357275,
        "f1": 0.7839285714285714,
        "mcc": 0.5554176771798351
      }
    },
    {
      "train": {
        "auroc": 0.9150981932029011,
        "auprc": 0.9115616091717791,
        "accuracy": 0.8076298701298701,
        "f1": 0.8305125148986889,
        "mcc": 0.6389957138105286
      },
      "val": {
        "auroc": 0.8733674583160826,
        "auprc": 0.8775508000478833,
        "accuracy": 0.7561349693251533,
        "f1": 0.7769985974754559,
        "mcc": 0.5214804740757604
      },
      "test": {
        "auroc": 0.8982970944449532,
        "auprc": 0.9029066129880747,
        "accuracy": 0.7928176795580111,
        "f1": 0.8117154811715481,
        "mcc": 0.5978035054490686
      }
    },
    {
      "train": {
        "auroc": 0.9206204262007833,
        "auprc": 0.9175851500581453,
        "accuracy": 0.8357683982683982,
        "f1": 0.8424604204515962,
        "mcc": 0.6739734509584442
      },
      "val": {
        "auroc": 0.9091610523542474,
        "auprc": 0.9137104705174428,
        "accuracy": 0.8190184049079755,
        "f1": 0.830945558739255,
        "mcc": 0.6444850526605862
      },
      "test": {
        "auroc": 0.8742373214764166,
        "auprc": 0.8753994693921109,
        "accuracy": 0.7900552486187845,
        "f1": 0.8020833333333334,
        "mcc": 0.5844437490220786
      }
    }
  ],
  "comparison_metric": "val_auroc",
  "comparison_value_mean": 0.8908880195788079,
  "comparison_value_std": 0.011562287283039714
}