{
  "ablation_name": "rewired_graph_frac1.00",
  "ablation_config": {
    "name": "rewired_graph_frac1.00",
    "ablation_type": "rewired_graph",
    "train_fraction": 1.0
  },
  "hyperparameters": {
    "hidden_channels": 128,
    "out_channels": 64,
    "num_layers": 2,
    "sage_aggr": "mean",
    "fusion_method": "projected_concat",
    "dropout": 0.5,
    "lr": 0.005,
    "weight_decay": 0.0005
  },
  "num_folds": 5,
  "metrics_summary": {
    "train_auroc_mean": 0.9184337870823261,
    "train_auroc_std": 0.00375549169253373,
    "train_auprc_mean": 0.9194878045452791,
    "train_auprc_std": 0.0045014184138054605,
    "train_mcc_mean": 0.6631019182332306,
    "train_mcc_std": 0.004493825993837585,
    "train_f1_mean": 0.8311665178965992,
    "train_f1_std": 0.007635817040112294,
    "train_accuracy_mean": 0.8308982683982684,
    "train_accuracy_std": 0.0024973984327304128,
    "val_auroc_mean": 0.9004083190959076,
    "val_auroc_std": 0.013823553893767607,
    "val_auprc_mean": 0.9036846870182487,
    "val_auprc_std": 0.01545314636910638,
    "val_mcc_mean": 0.6347753779486507,
    "val_mcc_std": 0.03747675823649406,
    "val_f1_mean": 0.8176158604937707,
    "val_f1_std": 0.015672653018141355,
    "val_accuracy_mean": 0.8166295422369043,
    "val_accuracy_std": 0.018399007875583573,
    "test_auroc_mean": 0.8845957890214053,
    "test_auroc_std": 0.010433657091054259,
    "test_auprc_mean": 0.8806605729367751,
    "test_auprc_std": 0.015965810317725936,
    "test_mcc_mean": 0.6043646564954444,
    "test_mcc_std": 0.027564305647875622,
    "test_f1_mean": 0.8017751337206198,
    "test_f1_std": 0.017033397471309164,
    "test_accuracy_mean": 0.8017996425089373,
    "test_accuracy_std": 0.014057713396778552
  },
  "fold_results": [
    {
      "train": {
        "auroc": 0.9252333164670826,
        "auprc": 0.9280173592075308,
        "accuracy": 0.8333333333333334,
        "f1": 0.8394160583941606,
        "mcc": 0.6685880109776102
      },
      "val": {
        "auroc": 0.8798674556213019,
        "auprc": 0.876639160448008,
        "accuracy": 0.7923076923076923,
        "f1": 0.7969924812030075,
        "mcc": 0.5852390484520125
      },
      "test": {
        "auroc": 0.8928112835207612,
        "auprc": 0.8953784988022379,
        "accuracy": 0.8134191176470589,
        "f1": 0.8176100628930818,
        "mcc": 0.6275012089512018
      }
    },
    {
      "train": {
        "auroc": 0.914260297783025,
        "auprc": 0.9161405096296671,
        "accuracy": 0.8298160173160173,
        "f1": 0.8322219258468925,
        "mcc": 0.6599034832046508
      },
      "val": {
        "auroc": 0.9019644970414201,
        "auprc": 0.9062565102164483,
        "accuracy": 0.8138461538461539,
        "f1": 0.8212703101920237,
        "mcc": 0.6298696805856346
      },
      "test": {
        "auroc": 0.8827922253460208,
        "auprc": 0.8786175163012685,
        "accuracy": 0.8005514705882353,
        "f1": 0.8036199095022625,
        "mcc": 0.6013966636182242
      }
    },
    {
      "train": {
        "auroc": 0.9159311107363057,
        "auprc": 0.9154297641632342,
        "accuracy": 0.8273809523809523,
        "f1": 0.8172966781214204,
        "mcc": 0.6587881603610004
      },
      "val": {
        "auroc": 0.9141951146072491,
        "auprc": 0.9180230226801253,
        "accuracy": 0.8343558282208589,
        "f1": 0.8241042345276873,
        "mcc": 0.6733014626338335
      },
      "test": {
        "auroc": 0.8700996103090057,
        "auprc": 0.8557331750016036,
        "accuracy": 0.783609576427256,
        "f1": 0.7733847637415622,
        "mcc": 0.5695428297374576
      }
    },
    {
      "train": {
        "auroc": 0.9189179890275669,
        "auprc": 0.9192838333558448,
        "accuracy": 0.8341450216450217,
        "f1": 0.8365769128232471,
        "mcc": 0.6685862160221132
      },
      "val": {
        "auroc": 0.890210395573789,
        "auprc": 0.8987780745914375,
        "accuracy": 0.8021472392638037,
        "f1": 0.8042488619119879,
        "mcc": 0.6044338358265411
      },
      "test": {
        "auroc": 0.8993790041682352,
        "auprc": 0.9001529637973958,
        "accuracy": 0.8213627992633518,
        "f1": 0.8200371057513914,
        "mcc": 0.6427953649766593
      }
    },
    {
      "train": {
        "auroc": 0.9178262213976499,
        "auprc": 0.9185675563701188,
        "accuracy": 0.8298160173160173,
        "f1": 0.8303210142972755,
        "mcc": 0.6596437206007781
      },
      "val": {
        "auroc": 0.9158041326357784,
        "auprc": 0.918726667155224,
        "accuracy": 0.8404907975460123,
        "f1": 0.8414634146341463,
        "mcc": 0.6810328622452322
      },
      "test": {
        "auroc": 0.8778968217630041,
        "auprc": 0.8734207107813696,
        "accuracy": 0.7900552486187845,
        "f1": 0.7942238267148014,
        "mcc": 0.5805872151936784
      }
    }
  ],
  "comparison_metric": "val_auroc",
  "comparison_value_mean": 0.9004083190959076,
  "comparison_value_std": 0.013823553893767607
}