{
  "fold_id": 0,
  "best_epoch": 48,
  "stopped_epoch": 88,
  "comparison_metric": "val_auroc",
  "comparison_value": 0.8207242603550297,
  "train_metrics": {
    "auroc": 0.8648099735762074,
    "auprc": 0.8698696439151417,
    "accuracy": 0.6620670995670995,
    "f1": 0.7403866140095614,
    "mcc": 0.4064517608163008
  },
  "val_metrics": {
    "auroc": 0.8207242603550297,
    "auprc": 0.8210682459338048,
    "accuracy": 0.6553846153846153,
    "f1": 0.7339667458432304,
    "mcc": 0.38516807384175117
  },
  "test_metrics": {
    "auroc": 0.8287366187283738,
    "auprc": 0.8188688598511791,
    "accuracy": 0.6424632352941176,
    "f1": 0.7292971468336813,
    "mcc": 0.3714399934885062
  }
}