{
  "fold_id": 1,
  "best_epoch": 296,
  "stopped_epoch": 299,
  "comparison_metric": "val_auroc",
  "comparison_value": 0.8902153846153846,
  "train_metrics": {
    "auroc": 0.9214313824703434,
    "auprc": 0.9170550925364493,
    "accuracy": 0.8327922077922078,
    "f1": 0.8375394321766562,
    "mcc": 0.6667239591769888
  },
  "val_metrics": {
    "auroc": 0.8902153846153846,
    "auprc": 0.8974878156077731,
    "accuracy": 0.8076923076923077,
    "f1": 0.8125937031484258,
    "mcc": 0.6162282222054464
  },
  "test_metrics": {
    "auroc": 0.8763651600346022,
    "auprc": 0.8697566707929916,
    "accuracy": 0.7959558823529411,
    "f1": 0.8003597122302158,
    "mcc": 0.5924886456573966
  }
}