{
  "fold_id": 1,
  "best_epoch": 255,
  "stopped_epoch": 295,
  "comparison_metric": "val_auroc",
  "comparison_value": 0.9149633136094674,
  "train_metrics": {
    "auroc": 0.949247226438785,
    "auprc": 0.9462956411489606,
    "accuracy": 0.8736471861471862,
    "f1": 0.8763568970082076,
    "mcc": 0.7480132485468984
  },
  "val_metrics": {
    "auroc": 0.9149633136094674,
    "auprc": 0.914838203681672,
    "accuracy": 0.8261538461538461,
    "f1": 0.8295625942684767,
    "mcc": 0.6528301655130476
  },
  "test_metrics": {
    "auroc": 0.9033980320069204,
    "auprc": 0.9032809585506796,
    "accuracy": 0.8207720588235294,
    "f1": 0.8225659690627843,
    "mcc": 0.641675312653649
  }
}